solute,solvent,Gsolv
CCCCCCCC,CC1=NC=CC=C1,-4.782366667
Cc1ccccc1,CC1=NC=CC=C1,-5.1163
CCO,CC1=NC=CC=C1,-4.9693
C1COCCO1,CC1=NC=CC=C1,-5.0176
CCC(C)=O,CC1=NC=CC=C1,-4.5244
CCCCCCCC,CC(=O)O,-3.96375
Cc1ccccc1,CC(=O)O,-4.566175
CCO,CC(=O)O,-5.22185
C1COCCO1,CC(=O)O,-5.81855
CCC(C)=O,CC(=O)O,-4.8386
C[N+]([O-])=O,CC(=O)O,-4.8615
CCCCCCCC,CC#N,-3.634428571
Cc1ccccc1,CC#N,-4.718933333
CCO,CC#N,-4.375033333
C1COCCO1,CC#N,-5.27655
CCC(C)=O,CC#N,-4.74885
C[N+]([O-])=O,CC#N,-5.6262
CCCCCCCC,CC(=O)C1=CC=CC=C1,-4.29195
Cc1ccccc1,CC(=O)C1=CC=CC=C1,-4.9345
CCO,CC(=O)C1=CC=CC=C1,-4.0443
C1COCCO1,CC(=O)C1=CC=CC=C1,-5.0316
CCC(C)=O,CC(=O)C1=CC=CC=C1,-4.3996
C[N+]([O-])=O,CC(=O)C1=CC=CC=C1,-4.89285
CCCCCCCC,C1=CC=C(C=C1)N,-3.517175
Cc1ccccc1,C1=CC=C(C=C1)N,-4.60455
CCO,C1=CC=C(C=C1)N,-4.37825
C1COCCO1,C1=CC=C(C=C1)N,-5.65055
CCC(C)=O,C1=CC=C(C=C1)N,-4.85975
C[N+]([O-])=O,C1=CC=C(C=C1)N,-5.0767
CCCCCCCC,COC1=CC=CC=C1,-4.69595
Cc1ccccc1,COC1=CC=CC=C1,-5.0415
CCO,COC1=CC=CC=C1,-3.5216
C1COCCO1,COC1=CC=CC=C1,-5.0572
CCC(C)=O,COC1=CC=CC=C1,-4.45915
C[N+]([O-])=O,COC1=CC=CC=C1,-4.6458
CCCCC,C1=CC=CC=C1,-3.14555
CCCCCC,C1=CC=CC=C1,-3.8412
CCCCCCCC,C1=CC=CC=C1,-5.2505
C1CCCCC1,C1=CC=CC=C1,-4.228533333
Cc1ccccc1,C1=CC=CC=C1,-5.31805
CO,C1=CC=CC=C1,-2.5539
CCO,C1=CC=CC=C1,-3.27598
CCCO,C1=CC=CC=C1,-3.9718
CCCCO,C1=CC=CC=C1,-4.7347
C1COCCO1,C1=CC=CC=C1,-5.16135
CC(C)=O,C1=CC=CC=C1,-3.790566667
CCC(C)=O,C1=CC=CC=C1,-4.46015
C[N+]([O-])=O,C1=CC=CC=C1,-4.4998
CCCCCCCC,C1=CC=C(C=C1)CO,-3.8096
Cc1ccccc1,C1=CC=C(C=C1)CO,-4.52555
CCO,C1=CC=C(C=C1)CO,-4.786
C1COCCO1,C1=CC=C(C=C1)CO,-5.42075
CCC(C)=O,C1=CC=C(C=C1)CO,-4.6014
C[N+]([O-])=O,C1=CC=C(C=C1)CO,-4.5044
CCCCCCCC,C1=CC=C(C=C1)Br,-5.045775
Cc1ccccc1,C1=CC=C(C=C1)Br,-5.154766667
CCO,C1=CC=C(C=C1)Br,-3.125566667
C1COCCO1,C1=CC=C(C=C1)Br,-5.0821
CCC(C)=O,C1=CC=C(C=C1)Br,-4.379033333
C[N+]([O-])=O,C1=CC=C(C=C1)Br,-4.187866667
CCCCCCCC,CCBr,-5.393833333
Cc1ccccc1,CCBr,-5.44215
C1COCCO1,CCBr,-5.2103
C[N+]([O-])=O,CCBr,-4.49005
CCCCCCCC,CCCCO,-4.487666667
Cc1ccccc1,CCCCO,-4.517
CCO,CCCCO,-4.8984
CCC(C)=O,CCCCO,-4.12618
C[N+]([O-])=O,CCCCO,-3.8754
CCCCCCCC,CCC(=O)C,-4.690666667
Cc1ccccc1,CCC(=O)C,-5.07385
CCO,CCC(=O)C,-4.35625
C1COCCO1,CCC(=O)C,-5.015
C[N+]([O-])=O,CCC(=O)C,-5.1133
CCCCCCCC,C(=S)=S,-5.526775
Cc1ccccc1,C(=S)=S,-5.32895
CCO,C(=S)=S,-2.709
C1COCCO1,C(=S)=S,-4.6155
CC(C)=O,C(=S)=S,-3.3949
CCC(C)=O,C(=S)=S,-3.84005
C[N+]([O-])=O,C(=S)=S,-3.25355
CCCCCCCC,ClC(Cl)(Cl)Cl,-5.45364
CC(C)=C,ClC(Cl)(Cl)Cl,-2.44105
CCC=C,ClC(Cl)(Cl)Cl,-2.4976
Cc1ccccc1,ClC(Cl)(Cl)Cl,-5.177533333
CCO,ClC(Cl)(Cl)Cl,-2.967775
C1COCCO1,ClC(Cl)(Cl)Cl,-4.948733333
CCC(C)=O,ClC(Cl)(Cl)Cl,-4.08475
O,ClC(Cl)(Cl)Cl,-1.15434
C[N+]([O-])=O,ClC(Cl)(Cl)Cl,-3.486466667
CCCCCCCC,C1=CC=C(C=C1)Cl,-5.21298
Cc1ccccc1,C1=CC=C(C=C1)Cl,-5.200666667
CCO,C1=CC=C(C=C1)Cl,-3.184
C1COCCO1,C1=CC=C(C=C1)Cl,-5.065233333
CCC(C)=O,C1=CC=C(C=C1)Cl,-4.479433333
C[N+]([O-])=O,C1=CC=C(C=C1)Cl,-4.240933333
CCCCCCCC,C(Cl)(Cl)Cl,-5.32094
C1CCCCC1,C(Cl)(Cl)Cl,-4.3267
Cc1ccccc1,C(Cl)(Cl)Cl,-5.528266667
CO,C(Cl)(Cl)Cl,-3.2669
CCO,C(Cl)(Cl)Cl,-3.956466667
C1COCCO1,C(Cl)(Cl)Cl,-6.108233333
CC(C)=O,C(Cl)(Cl)Cl,-4.666566667
CCC(C)=O,C(Cl)(Cl)Cl,-5.434
C[N+]([O-])=O,C(Cl)(Cl)Cl,-4.642833333
CCCCC,C1CCCCC1,-3.3362
CCCCCCCC,C1CCCCC1,-5.540425
c1ccccc1,C1CCCCC1,-4.20565
Cc1ccccc1,C1CCCCC1,-4.8943
CCO,C1CCCCC1,-2.322433333
C1COCCO1,C1CCCCC1,-4.15005
CCC(C)=O,C1CCCCC1,-3.4745
O,C1CCCCC1,-0.539328571
C[N+]([O-])=O,C1CCCCC1,-2.81155
CCCCCCCC,C1CCC(=O)CC1,-4.62632
Cc1ccccc1,C1CCC(=O)CC1,-5.1335
CCO,C1CCC(=O)CC1,-4.3428
C1COCCO1,C1CCC(=O)CC1,-4.976666667
CCC(C)=O,C1CCC(=O)CC1,-4.465066667
C[N+]([O-])=O,C1CCC(=O)CC1,-5.072966667
CCCCCCCC,CCCCCCCCCC,-5.19598
Cc1ccccc1,CCCCCCCCCC,-4.663866667
CCO,CCCCCCCCCC,-2.254166667
C1COCCO1,CCCCCCCCCC,-3.966266667
CC(C)=O,CCCCCCCCCC,-2.46475
CCC(C)=O,CCCCCCCCCC,-3.2568
C[N+]([O-])=O,CCCCCCCCCC,-2.6876
CCCCCCCC,CCCCOCCCC,-5.24838
Cc1ccccc1,CCCCOCCCC,-4.87905
CCO,CCCCOCCCC,-3.3235
C1COCCO1,CCCCOCCCC,-4.307025
CCC(C)=O,CCCCOCCCC,-3.73235
C[N+]([O-])=O,CCCCOCCCC,-3.56975
CCCCCCCC,CCOCC,-5.407675
Cc1ccccc1,CCOCC,-5.1199
CCO,CCOCC,-4.41695
C1COCCO1,CCOCC,-4.6246
CCC(C)=O,CCOCC,-4.112433333
C[N+]([O-])=O,CCOCC,-4.2099
CCCCCCCC,CC(C)OC(C)C,-5.293133333
Cc1ccccc1,CC(C)OC(C)C,-4.8933
CCO,CC(C)OC(C)C,-3.77455
C1COCCO1,CC(C)OC(C)C,-4.39315
CCC(C)=O,CC(C)OC(C)C,-3.91015
C[N+]([O-])=O,CC(C)OC(C)C,-3.8691
CCCCCCCC,CC(=O)N(C)C,-3.955066667
Cc1ccccc1,CC(=O)N(C)C,-4.90796
CCO,CC(=O)N(C)C,-5.23802
C1COCCO1,CC(=O)N(C)C,-4.98368
CCC(C)=O,CC(=O)N(C)C,-4.47892
C[N+]([O-])=O,CC(=O)N(C)C,-5.515125
CCCCCCCC,CN(C)C=O,-3.753666667
Cc1ccccc1,CN(C)C=O,-4.887042857
CCO,CN(C)C=O,-5.1027
C1COCCO1,CN(C)C=O,-5.0597
CCC(C)=O,CN(C)C=O,-4.5598
C[N+]([O-])=O,CN(C)C=O,-5.57885
CCCCCCCC,CS(=O)C,-2.7859
Cc1ccccc1,CS(=O)C,-4.526533333
CCO,CS(=O)C,-5.239066667
C1COCCO1,CS(=O)C,-4.841933333
CCC(C)=O,CS(=O)C,-4.18555
C[N+]([O-])=O,CS(=O)C,-5.6256
CCCCCCCC,CCO,-4.297716667
Cc1ccccc1,CCO,-4.4609
C1COCCO1,CCO,-4.68405
CCC(C)=O,CCO,-4.29898
C[N+]([O-])=O,CCO,-4.258975
CCCCCCCC,CCOC1=CC=CC=C1,-4.772366667
Cc1ccccc1,CCOC1=CC=CC=C1,-5.02195
CCO,CCOC1=CC=CC=C1,-3.35585
C1COCCO1,CCOC1=CC=CC=C1,-4.8487
CCC(C)=O,CCOC1=CC=CC=C1,-4.26925
C[N+]([O-])=O,CCOC1=CC=CC=C1,-4.3921
CCCCCCCC,CCOC(=O)C,-4.7092
Cc1ccccc1,CCOC(=O)C,-5.03705
CCO,CCOC(=O)C,-4.131825
C1COCCO1,CCOC(=O)C,-5.012425
C[N+]([O-])=O,CCOC(=O)C,-4.960025
CCCCCCCC,C1=CC=C(C=C1)F,-5.1135
Cc1ccccc1,C1=CC=C(C=C1)F,-5.239633333
CCO,C1=CC=C(C=C1)F,-3.317466667
C1COCCO1,C1=CC=C(C=C1)F,-5.1635
CCC(C)=O,C1=CC=C(C=C1)F,-4.625133333
C[N+]([O-])=O,C1=CC=C(C=C1)F,-4.5287
c1ccccc1,CCCCCCC,-4.004342857
Cc1ccccc1,CCCCCCC,-4.7369
Cc1ccc(C)cc1,CCCCCCC,-5.4458
CCO,CCCCCCC,-2.196483333
CCCO,CCCCCCC,-2.9698
CCCCO,CCCCCCC,-3.718925
CCCCCO,CCCCCCC,-4.48225
CCCCCCO,CCCCCCC,-5.2735
CC(C)=O,CCCCCCC,-2.5696
CCC(C)=O,CCCCCCC,-3.390033333
c1ccccc1,CCCCCCCO,-3.833666667
C,CCCCCCCCCCCCCCCC,0.451357143
CC,CCCCCCCCCCCCCCCC,-0.65508
CCC,CCCCCCCCCCCCCCCC,-1.419628571
CCCC,CCCCCCCCCCCCCCCC,-2.205025
CCCCC,CCCCCCCCCCCCCCCC,-2.933666667
CCCCCC,CCCCCCCCCCCCCCCC,-3.639358333
CCCCCCC,CCCCCCCCCCCCCCCC,-4.336866667
CCCCCCCC,CCCCCCCCCCCCCCCC,-5.0127
CC(C)C,CCCCCCCCCCCCCCCC,-1.90775
CCCC(C)C,CCCCCCCCCCCCCCCC,-3.446466667
CC(C)CC(C)C,CCCCCCCCCCCCCCCC,-3.849425
CC(C)CC(C)(C)C,CCCCCCCCCCCCCCCC,-4.2573
C1CCCC1,CCCCCCCCCCCCCCCC,-3.314833333
C1CCCCC1,CCCCCCCCCCCCCCCC,-3.972022222
C=C,CCCCCCCCCCCCCCCC,-0.393
CC=C,CCCCCCCCCCCCCCCC,-1.3164
C=CC=C,CCCCCCCCCCCCCCCC,-2.1049
CCCCC=C,CCCCCCCCCCCCCCCC,-3.5131
CC#C,CCCCCCCCCCCCCCCC,-1.3978
c1ccccc1,CCCCCCCCCCCCCCCC,-3.818583333
Cc1ccccc1,CCCCCCCCCCCCCCCC,-4.5698
CCc1ccccc1,CCCCCCCCCCCCCCCC,-5.1624
Cc1ccccc1C,CCCCCCCCCCCCCCCC,-5.3782
Cc1cccc(C)c1,CCCCCCCCCCCCCCCC,-5.2674
Cc1ccc(C)cc1,CCCCCCCCCCCCCCCC,-5.2685
CCO,CCCCCCCCCCCCCCCC,-1.97328
CCCO,CCCCCCCCCCCCCCCC,-2.695533333
CC(C)O,CCCCCCCCCCCCCCCC,-2.374033333
CCCCO,CCCCCCCCCCCCCCCC,-3.458
CCCCCO,CCCCCCCCCCCCCCCC,-4.0763
CCCCCCO,CCCCCCCCCCCCCCCC,-4.8948
Cc1cccc(O)c1,CCCCCCCCCCCCCCCC,-5.7284
CCCCCCCO,CCCCCCCCCCCCCCCC,-5.4262
C1CCOC1,CCCCCCCCCCCCCCCC,-3.42995
C1COCCO1,CCCCCCCCCCCCCCCC,-3.811266667
CCOCC,CCCCCCCCCCCCCCCC,-2.7878
COc1ccccc1,CCCCCCCCCCCCCCCC,-5.21265
CC=O,CCCCCCCCCCCCCCCC,-1.515
CCC=O,CCCCCCCCCCCCCCCC,-2.405833333
CCCC=O,CCCCCCCCCCCCCCCC,-3.1777
O=Cc1ccccc1,CCCCCCCCCCCCCCCC,-5.3659
CC(C)=O,CCCCCCCCCCCCCCCC,-2.300525
CCC(C)=O,CCCCCCCCCCCCCCCC,-3.07924
O=C1CCCC1,CCCCCCCCCCCCCCCC,-4.21755
CCCC(C)=O,CCCCCCCCCCCCCCCC,-3.744533333
CCC(=O)CC,CCCCCCCCCCCCCCCC,-3.72715
CCCCC(C)=O,CCCCCCCCCCCCCCCC,-4.3927
CCCCCC(C)=O,CCCCCCCCCCCCCCCC,-5.0631
CC(=O)c1ccccc1,CCCCCCCCCCCCCCCC,-6.0407
COC=O,CCCCCCCCCCCCCCCC,-1.94235
CCOC=O,CCCCCCCCCCCCCCCC,-2.5466
COC(C)=O,CCCCCCCCCCCCCCCC,-2.63015
CCOC(C)=O,CCCCCCCCCCCCCCCC,-3.234266667
CCCOC(C)=O,CCCCCCCCCCCCCCCC,-3.90435
CCCCOC(=O)C,CCCCCCCCCCCCCCCC,-4.52165
CCCCCOC(C)=O,CCCCCCCCCCCCCCCC,-5.2356
CCN,CCCCCCCCCCCCCCCC,-2.2166
CCCN,CCCCCCCCCCCCCCCC,-2.8239
CCNCC,CCCCCCCCCCCCCCCC,-3.2383
c1ccncc1,CCCCCCCCCCCCCCCC,-4.0379
Nc1ccccc1,CCCCCCCCCCCCCCCC,-5.3612
CNc1ccccc1,CCCCCCCCCCCCCCCC,-6.0595
CC#N,CCCCCCCCCCCCCCCC,-2.04405
CCC#N,CCCCCCCCCCCCCCCC,-2.6444
CCCC#N,CCCCCCCCCCCCCCCC,-3.3198
CC[N+]([O-])=O,CCCCCCCCCCCCCCCC,-3.16535
CCC[N+]([O-])=O,CCCCCCCCCCCCCCCC,-3.7917
[O-][N+](=O)c1ccccc1,CCCCCCCCCCCCCCCC,-6.1183
Fc1ccccc1,CCCCCCCCCCCCCCCC,-3.805
ClCCl,CCCCCCCCCCCCCCCC,-2.7246
ClC(Cl)Cl,CCCCCCCCCCCCCCCC,-3.3783
CC(Cl)(Cl)Cl,CCCCCCCCCCCCCCCC,-3.6688
CCCCl,CCCCCCCCCCCCCCCC,-3.0143
Clc1ccccc1,CCCCCCCCCCCCCCCC,-4.9425
Clc1ccccc1Cl,CCCCCCCCCCCCCCCC,-6.04
BrCBr,CCCCCCCCCCCCCCCC,-3.8661
Brc1ccccc1,CCCCCCCCCCCCCCCC,-5.4747
ClC(Cl)=C(Cl)Cl,CCCCCCCCCCCCCCCC,-4.8819
O,CCCCCCCCCCCCCCCC,-0.4155
S,CCCCCCCCCCCCCCCC,-0.8835
CCCCCCCCO,CCCCCCCCCCCCCCCC,-6.1689
CCCCCCCC=O,CCCCCCCCCCCCCCCC,-5.8159
C1CCOCC1,CCCCCCCCCCCCCCCC,-3.8863
C[N+]([O-])=O,CCCCCCCCCCCCCCCC,-2.518566667
Ic1ccccc1,CCCCCCCCCCCCCCCC,-6.1139
CCCCCCCC,CCCCCC,-5.42454
c1ccccc1,CCCCCC,-4.03095
Cc1ccccc1,CCCCCC,-4.778433333
CO,CCCCCC,-1.5111
CCCO,CCCCCC,-2.99295
C1COCCO1,CCCCCC,-4.062866667
CC(C)=O,CCCCCC,-2.6792
CCC(C)=O,CCCCCC,-3.430075
CCOC(C)=O,CCCCCC,-3.6092
C[N+]([O-])=O,CCCCCC,-2.7954
CCCCCCCC,C1=CC=C(C=C1)I,-4.743233333
Cc1ccccc1,C1=CC=C(C=C1)I,-5.028033333
CCO,C1=CC=C(C=C1)I,-3.036633333
C1COCCO1,C1=CC=C(C=C1)I,-4.939
CCC(C)=O,C1=CC=C(C=C1)I,-4.216266667
C[N+]([O-])=O,C1=CC=C(C=C1)I,-4.0387
CCCCC,CC(C)CC(C)(C)C,-3.243466667
CCCCCCCC,CC(C)CC(C)(C)C,-5.31634
Cc1ccccc1,CC(C)CC(C)(C)C,-4.664366667
CCO,CC(C)CC(C)(C)C,-2.364866667
C1COCCO1,CC(C)CC(C)(C)C,-4.006966667
CCC(C)=O,CC(C)CC(C)(C)C,-3.386366667
C[N+]([O-])=O,CC(C)CC(C)(C)C,-2.739266667
CCCCCCCC,CC(C)O,-4.40365
Cc1ccccc1,CC(C)O,-4.378316667
CCO,CC(C)O,-4.94461
C1COCCO1,CC(C)O,-4.55285
CCC(C)=O,CC(C)O,-4.138275
C[N+]([O-])=O,CC(C)O,-3.9189
CCCCCCCC,CC1=CC(O)=CC=C1,-4.08095
Cc1ccccc1,CC1=CC(O)=CC=C1,-4.6251
CCO,CC1=CC(O)=CC=C1,-5.5277
C1COCCO1,CC1=CC(O)=CC=C1,-6.8189
CCC(C)=O,CC1=CC(O)=CC=C1,-5.9782
C[N+]([O-])=O,CC1=CC(O)=CC=C1,-4.67895
CCCCCCCC,COCCO,-3.76232
Cc1ccccc1,COCCO,-4.55285
CCO,COCCO,-4.788366667
C1COCCO1,COCCO,-4.919633333
CCC(C)=O,COCCO,-4.293366667
C[N+]([O-])=O,COCCO,-4.9976
CCCCCCCC,C(Cl)Cl,-5.08356
Cc1ccccc1,C(Cl)Cl,-5.495066667
CCO,C(Cl)Cl,-3.7478
C[N+]([O-])=O,C(Cl)Cl,-4.976433333
CCCCCCCC,CNC=O,-3.33798
Cc1ccccc1,CNC=O,-4.3507
CCO,CNC=O,-4.955533333
C1COCCO1,CNC=O,-4.868366667
CCC(C)=O,CNC=O,-4.302466667
C[N+]([O-])=O,CNC=O,-5.141
CO,CCCCCCCC,-1.4297
CCO,CCCCCCCC,-2.14105
CC(C)=O,CCCCCCCC,-2.53445
C,CCCCCCCCO,0.5203
CC,CCCCCCCCO,-0.5684
CCC,CCCCCCCCO,-1.2845
CCCCC,CCCCCCCCO,-2.6966
CCCCCC,CCCCCCCCO,-3.36
CCCCCCC,CCCCCCCCO,-4.01776
CCCCCCCC,CCCCCCCCO,-4.620033333
C1CCCCC1,CCCCCCCCO,-3.727975
C=C,CCCCCCCCO,-0.37045
CC=C,CCCCCCCCO,-1.2458
CCCCC=C,CCCCCCCCO,-3.2896
c1ccccc1,CCCCCCCCO,-3.8086
Cc1ccccc1,CCCCCCCCO,-4.498316667
CCc1ccccc1,CCCCCCCCO,-5.05465
Cc1ccccc1C,CCCCCCCCO,-5.3015
Cc1cccc(C)c1,CCCCCCCCO,-5.16215
CO,CCCCCCCCO,-3.8753
CCO,CCCCCCCCO,-4.426875
CCCO,CCCCCCCCO,-5.02255
CC(C)O,CCCCCCCCO,-4.61335
CCCCO,CCCCCCCCO,-5.7226
CCCCCO,CCCCCCCCO,-6.36735
CCCCCCO,CCCCCCCCO,-7.06025
C1CCOC1,CCCCCCCCO,-3.90035
CCOCC,CCCCCCCCO,-2.98875
COC(C)(C)C,CCCCCCCCO,-3.5182
COc1ccccc1,CCCCCCCCO,-5.46125
CCC=O,CCCCCCCCO,-4.1545
CCCC=O,CCCCCCCCO,-4.6427
CC(C)=O,CCCCCCCCO,-3.144933333
CCC(C)=O,CCCCCCCCO,-3.78384
O=C1CCCC1,CCCCCCCCO,-5.01775
CCCC(C)=O,CCCCCCCCO,-4.34715
CCC(=O)CC,CCCCCCCCO,-4.343
CCCCC(C)=O,CCCCCCCCO,-5.0184
CCCCCC(C)=O,CCCCCCCCO,-5.65325
COC(C)=O,CCCCCCCCO,-3.15135
CCOC(C)=O,CCCCCCCCO,-3.68715
CCCOC(C)=O,CCCCCCCCO,-4.3256
CCCCOC(=O)C,CCCCCCCCO,-5.0127
c1ccncc1,CCCCCCCCO,-5.3166
CC#N,CCCCCCCCO,-3.1512
CCC#N,CCCCCCCCO,-3.64785
CCCC#N,CCCCCCCCO,-4.2421
N#Cc1ccccc1,CCCCCCCCO,-5.9952
CC[N+]([O-])=O,CCCCCCCCO,-3.93215
CCC[N+]([O-])=O,CCCCCCCCO,-4.4384
CC(F)F,CCCCCCCCO,-1.0732
ClCCl,CCCCCCCCO,-3.078866667
ClC(Cl)Cl,CCCCCCCCO,-3.803066667
CCCl,CCCCCCCCO,-2.3167
CC(Cl)(Cl)Cl,CCCCCCCCO,-3.6726
ClCC(Cl)Cl,CCCCCCCCO,-4.6335
CCCCl,CCCCCCCCO,-3.0596
ClC=C(Cl)Cl,CCCCCCCCO,-4.0864
BrCBr,CCCCCCCCO,-4.1935
FC(F)(F)F,CCCCCCCCO,1.2706
O,CCCCCCCCO,-4.149
C1CCOCC1,CCCCCCCCO,-4.3377
FC(F)(Cl)Cl,CCCCCCCCO,-1.3392
FC(Cl)(Cl)Cl,CCCCCCCCO,-2.5742
C[N+]([O-])=O,CCCCCCCCO,-3.48518
CN(C)C=O,CCCCCCCCO,-5.95115
C[N+]([O-])=O,C1(=C(C(=C(C(=C1F)F)F)F)F)F,-4.22215
CCCCCCCC,CCCO,-4.410516667
Cc1ccccc1,CCCO,-4.5071
CCO,CCCO,-4.9063
C1COCCO1,CCCO,-4.510566667
CCC(C)=O,CCCO,-4.177225
C[N+]([O-])=O,CCCO,-3.94475
CCCCCCCC,C1=CC=NC=C1,-4.489675
Cc1ccccc1,C1=CC=NC=C1,-5.1084
CCO,C1=CC=NC=C1,-5.0523
C1COCCO1,C1=CC=NC=C1,-5.16305
CCC(C)=O,C1=CC=NC=C1,-4.63085
C[N+]([O-])=O,C1=CC=NC=C1,-5.07975
CCCCCCCC,C1CCOC1,-5.3169
Cc1ccccc1,C1CCOC1,-5.44476
CCO,C1CCOC1,-4.505633333
C1COCCO1,C1CCOC1,-5.112733333
CCC(C)=O,C1CCOC1,-4.5385
C[N+]([O-])=O,C1CCOC1,-5.035866667
CCCCCCCC,CC1=CC=CC=C1,-5.293075
CO,CC1=CC=CC=C1,-2.4979
CCO,CC1=CC=CC=C1,-3.2162
C1COCCO1,CC1=CC=CC=C1,-4.9083
CCC(C)=O,CC1=CC=CC=C1,-4.2741
C[N+]([O-])=O,CC1=CC=CC=C1,-4.27365
CCCCCCCC,CCN(CC)CC,-5.50005
Cc1ccccc1,CCN(CC)CC,-4.9346
CCO,CCN(CC)CC,-4.0222
C1COCCO1,CCN(CC)CC,-4.34665
CCC(C)=O,CCN(CC)CC,-3.7689
C[N+]([O-])=O,CCN(CC)CC,-3.54795
C,O,1.990794444
CC,O,1.82967
CCC,O,1.962376471
CC(C)(C)C,O,2.657366667
CCCC(C)C,O,2.511032
CC(C)CC(C)C,O,2.857113636
CC(C)CC(C)(C)C,O,2.92385
C1CCCC1,O,1.201123077
C1CCCCC1,O,1.215922917
CC1CCCCC1,O,1.699756
C=C,O,1.27716
CC=C,O,1.215894444
CC(C)=C,O,1.1699875
CCC=C,O,1.36476
C1CC=CC1,O,0.53842
CCCC=C,O,1.679064516
CCCCC=C,O,1.583364286
CCCC#C,O,0.01038
CCCCC#C,O,0.290433333
c1ccccc1,O,-0.86982451
Cc1ccccc1,O,-0.850219512
CCc1ccccc1,O,-0.723288372
Cc1ccccc1C,O,-0.893160714
Cc1cccc(C)c1,O,-0.775244444
Cc1ccc(C)cc1,O,-0.749976923
c1ccc2ccccc2c1,O,-2.3697375
CO,O,-5.083645614
CCO,O,-5.011187692
CCCO,O,-4.87702766
CC(C)O,O,-4.756152778
CCCCO,O,-4.728118919
CC(C)(C)O,O,-4.484566667
CCCCCO,O,-4.562236364
CCCCCCO,O,-4.40325
Cc1ccccc1O,O,-5.85094
CCCCCCCO,O,-4.239441176
C1CCOC1,O,-3.48807
C1COCCO1,O,-5.05671875
CCOCC,O,-1.736263636
COCCOC,O,-4.83735
COC(C)(C)C,O,-2.019979167
COc1ccccc1,O,-2.525875
CC=O,O,-3.439432
CCC=O,O,-3.347023077
CCCC=O,O,-3.120864286
CCCCC=O,O,-3.01346
CC(C)=O,O,-3.835829032
CCC(C)=O,O,-3.680922449
O=C1CCCC1,O,-4.724733333
CCCC(C)=O,O,-3.455092857
CCC(=O)CC,O,-3.333991667
CCCCC(C)=O,O,-3.296244444
CCCCCC(C)=O,O,-3.08528
COC=O,O,-2.776085714
CCOC=O,O,-2.639575
COC(C)=O,O,-3.142667857
CCOC(C)=O,O,-2.950191176
CCCOC(C)=O,O,-2.801117391
CCCCOC(=O)C,O,-2.6547
CCCCCOC(C)=O,O,-2.476827273
CCCN,O,-4.364885714
CN(C)C,O,-3.199028571
CCCCN,O,-4.234925
CCCCCN,O,-4.1334
c1ccncc1,O,-4.69130625
Nc1ccccc1,O,-5.76698
Cc1cccnc1,O,-4.79765
Cc1ccncc1,O,-4.93755
CC#N,O,-3.915406667
CCC#N,O,-3.843423077
CCCC#N,O,-3.626866667
N#Cc1ccccc1,O,-4.11305
CC[N+]([O-])=O,O,-3.71995
CCC[N+]([O-])=O,O,-3.377866667
[O-][N+](=O)c1ccccc1,O,-4.227885714
CS,O,-1.18105
CCS,O,-1.0689
CCCS,O,-0.99255
CSC,O,-1.498421429
CSSC,O,-1.736175
OCC=C,O,-5.036766667
CC(F)F,O,-0.119833333
Fc1ccccc1,O,-0.80135
ClCCl,O,-1.316777778
ClC(Cl)Cl,O,-1.07538
ClCC(Cl)Cl,O,-1.990766667
CCCCl,O,-0.3747
CC(C)Cl,O,-0.226166667
ClC=C(Cl)Cl,O,-0.459864706
Clc1ccccc1,O,-1.142505263
Clc1ccccc1Cl,O,-1.40413
BrCBr,O,-2.01275
BrC(Br)Br,O,-1.9558
CCBr,O,-0.7364
CCCBr,O,-0.561333333
CC(C)Br,O,-0.4817
CCCCBr,O,-0.336266667
Brc1ccccc1,O,-1.461555556
ClC(Cl)=C(Cl)Cl,O,-0.060655556
FC(F)(F)CCl,O,0.0589
S,O,-0.650978571
CCSSCC,O,-1.54025
CCCCCCCCO,O,-4.07146
CCCCCCC(C)=O,O,-2.920933333
COC(=O)c1ccccc1,O,-3.91385
C1CCOCC1,O,-3.12205
s1cccc1,O,-1.392575
[H][H],O,2.349017647
CCCCCCl,O,-0.063
ClCC1=CC=CC=C1,O,-1.8811
FC(Cl)(Cl)Cl,O,0.65138
C[N+]([O-])=O,O,-4.02596
Cc1ccccc1N,O,-5.5495
Cc1cccc(N)c1,O,-5.6874
CCNc1ccccc1,O,-4.75845
COCOC,O,-2.9509
Ic1ccccc1,O,-1.750766667
CCI,O,-0.742033333
CCCI,O,-0.555766667
CCCCCCCC,Cc1ccc(C)cc1,-5.276166667
Cc1ccccc1,Cc1ccc(C)cc1,-5.084366667
CCO,Cc1ccc(C)cc1,-3.118266667
C1COCCO1,Cc1ccc(C)cc1,-4.798833333
CCC(C)=O,Cc1ccc(C)cc1,-4.206966667
C[N+]([O-])=O,Cc1ccc(C)cc1,-4.125866667
[HH],CC(O)C,1.45
[HH],CC(O)CC,1.56
[HH],OCC(C)C,1.53
[N-]=[N+]=O,CC(O)C,-0.48
C(Cl)Cl,CC(O)C,-3.26
C[N+](=O)[O-],OCCC(C)C,-3.74
C1=CC=C(C=C1)CCl,CC(O)C,-5.99
C1=CC=CC=C1,CC(O)C,-3.71
C1CCCCC1,CC(O)C,-3.52
C1CCCCC1,OCC(C)C,-3.93
C1CCOC1,CC(O)C,-4.01
C1COCCO1,OCCC(C)C,-4.54
CC(C)(C)C1=CC=CC=C1,CC(O)C,-5.63
CC(C)C(C)C(C)C,CC(O)C,-4.09
CC(C)C1=CC=CC=C1,CC(O)C,-5.21
CC(C)CC(C)C,CC(O)C,-3.45
CC(C)CCC(C)C,CC(O)C,-3.99
CC1=CC=CC=C1,OCCC(C)C,-4.47
CCC(=O)C,OCCC(C)C,-4.09
CCC1=CC=CC=C1,CC(O)C,-4.88
CCC1CCCCC1,CC(O)C,-4.53
CCCC(C)C,CC(O)C,-3.02
CCCC1=CC=CC=C1,CC(O)C,-5.41
CCCCC,CC(O)C,-2.6
CCCCC1=CC=CC=C1,CC(O)C,-5.98
CCCCCC,CC(O)C,-3.21
CCCCCC,OCCC(C)C,-3.31
CCCCCCC,CC(O)C,-3.81
CCCCCCC,OCCC(C)C,-3.97
CCCCCCCC,OCCC(C)C,-4.61
CCCCCCCCC,CC(O)C,-5.01
CCCCCO,CC(O)C,-6.83
CCCCO,CC(O)C,-6.14
CCCO,CC(O)C,-5.53
CCI,CC(O)C,-3.56
CCN(CC)CC,CC(O)C,-4.55
CCO,OCCC(C)C,-4.8
CO,CC(O)C,-4.54
N#N,CC(O)C,1.13
C(=O)=O,O,0.11
C(Cl)(Cl)(Cl)Cl,O,0.07
C=CC1=CC=CC=C1,O,-1.27
C1CCC(CC1)O,O,-5.44
C1CCC=CC1,O,0.36
CC(C)(C)c1ccccc1,O,-0.42
CC(C)C1=CC=CC=C1,O,-0.34
CCC(C)(C)O,O,-4.43
CCC(C)(C)OC,O,-1.77
CCCCCCCCC,O,2.98
CCCCCCCCCC,O,3.18
[N-]=[N+]=O,O,0.31
C1CCCCCC1,O,0.79
CC(C)CO,O,-4.52
CCCC1=CC=CC=C1,O,-0.56
CCCCC1=CC=CC=C1,O,-0.37
CCCCCC#C,O,0.59
CCCCCC=O,O,-2.74
CCCCCCC#C,O,0.71
CCCCCCC=C,O,1.93
CCN(CC)CC,O,-3.22
N#N,O,2.46
O=O,O,2.06
[HH],CO,1.35
[HH],CCO,1.47
[HH],CCCO,1.52
[HH],CCCCO,1.56
[HH],CCCCCO,1.64
[HH],CCCCCCO,1.61
[HH],CCCCC(CC)CO,1.64
[HH],CCCCOCCO,1.67
[HH],CCOCCO,1.7
[HH],COCCO,1.84
[HH],CC(=O)C,1.38
[N-]=[N+]=O,CO,-0.69
[N-]=[N+]=O,CCO,-0.61
[N-]=[N+]=O,CCCO,-0.59
C(=O)=O,CO,-0.85
C(=O)=O,CCO,-0.57
C(=O)=O,CCCCOCCO,-0.26
C(=O)=O,COCCO,-0.65
C(=O)=O,CC(=O)C,-1.1
C(CCl)Cl,CCCCCCCCO,-3.78
C(Cl)(Cl)(Cl)Cl,CO,-3.66
C(Cl)(Cl)(Cl)Cl,CCO,-3.74
C(Cl)(Cl)(Cl)Cl,CCCCCCCCO,-3.79
C(Cl)(Cl)(Cl)Cl,CCOCC,-4.41
C(Cl)(Cl)Cl,CO,-4.12
C(Cl)(Cl)Cl,CCO,-4.12
C(Cl)(Cl)Cl,CC(=O)C,-4.67
C(Cl)Cl,CO,-3.49
C(Cl)Cl,CCO,-3.36
C[N+](=O)[O-],CO,-4.66
C[N+](=O)[O-],CC(=O)C,-5.32
C=C,CO,-0.51
C=C,CC(=O)C,-0.76
C1(=C(C(=C(C(=C1F)F)F)F)F)F,CCOCC,-4.35
C1=CC=C(C=C1)CCl,CCCO,-6.06
C1=CC=C(C=C1)CCl,CCCCO,-6.08
C1=CC=CC=C1,CO,-3.85
C1=CC=CC=C1,CCO,-3.88
C1=CC=CC=C1,CCCO,-3.84
C1=CC=CC=C1,CC(=O)C,-4.42
C1=CC=CC=C1,CCC(=O)C,-4.49
C1CCC(CC1)O,CCCCCCCCO,-7.02
C1CCCC1,CCCCCCCO,-3.1
C1CCCCC1,CO,-3.25
C1CCCCC1,CCO,-3.5
C1CCCCC1,CCCO,-3.59
C1CCCCC1,CCCCO,-3.7
C1CCCCC1,CCCCCCCO,-3.72
C1CCCCC1,CCOCC,-4.19
C1CCCCC1,CCCCOCCCC,-4.13
C1CCCCC1,CC(=O)OCC,-3.78
C1CCCCC1,CC(=O)OC,-3.61
C1CCCCC1,CC(=O)OCCCC,-3.91
C1CCCCC1,COCCO,-3.15
C1CCCCC1,CC(=O)C,-3.58
C1CCCCC1,CCC(=O)C,-3.79
C1CCOC1,CCCO,-4.02
C1COCCO1,CO,-4.9
C1COCCO1,CCCCO,-4.56
C1COCCO1,CC(=O)C,-5.07
CC,CO,-0.52
CC,CC(=O)C,-0.69
CC(=O)C,CO,-4.05
CC(=O)OC,CO,-3.96
CC(C)(C)C1=CC=CC=C1,CO,-5.52
CC(C)(C)Cl,CCCCO,-3.08
CC(C)(C)Cl,CC(=O)OCC,-3.66
CC(C)C,CCCCCCCO,-1.68
CC(C)C(=O)C,CCCCCCCCO,-4.15
CC(C)C(C)C(C)C,CO,-3.64
CC(C)C(C)C(C)C,CCO,-4.02
CC(C)C(C)C(C)C,CCCO,-4.1
CC(C)C(C)C(C)C,CCCCO,-4.23
CC(C)C(C)C(C)C,CC(=O)OCC,-4.41
CC(C)C(C)C(C)C,CC(=O)OC,-4.22
CC(C)C(C)C(C)C,CC(=O)OCCCC,-4.56
CC(C)C(C)C(C)C,CC(=O)C,-4.14
CC(C)C(C)C(C)C,CCC(=O)C,-4.39
CC(C)C#N,CCCCCCCCO,-3.92
CC(C)C1=CC=CC=C1,CO,-5.18
CC(C)C1=CC=CC=C1,CCCCCCCCO,-5.43
CC(C)CC(C)C,CO,-2.99
CC(C)CC(C)C,CCO,-3.34
CC(C)CC(C)C,CCCO,-3.39
CC(C)CC(C)C,CCCCO,-3.5
CC(C)CC(C)C,CC(=O)OCC,-3.69
CC(C)CC(C)C,CC(=O)OC,-3.51
CC(C)CC(C)C,CC(=O)OCCCC,-3.81
CC(C)CC(C)C,CC(=O)C,-3.45
CC(C)CC(C)C,CCC(=O)C,-3.66
CC(C)CCC(C)C,CC(=O)OCC,-4.31
CC(C)CCC(C)C,CC(=O)OC,-4.11
CC(C)CCC(C)C,CC(=O)OCCCC,-4.46
CC(C)CCC(C)C,CC(=O)C,-4.03
CC(C)CCC(C)C,CCC(=O)C,-4.29
CC(C)CCO,CCCCCCCCO,-6.08
CC(C)CCOC(=O)C,CCCCCCCCO,-5.34
CC(C)COC(=O)C,CCCCCCCCO,-4.71
CC(C)COCC(C)C,CCCCCCCCO,-4.62
CC(C)O,CCO,-5.27
CC(C)O,CCCO,-5.07
CC(C)OC(=O)C,CCCCCCCCO,-3.99
CC(C)OC(C)C,CCCCCCCCO,-3.63
CC(CCl)Cl,CCCCCCCCO,-4.03
CC(Cl)Cl,CCCCCCCCO,-3.29
CC1=CC=CC=C1,CO,-4.35
CC1=CC=CC=C1,CC(=O)C,-4.97
CC1CCCC1,CCCCCCCO,-3.51
CCC,CCCCCCCO,-1.22
CCC(=O)C,CO,-4.55
CCC(=O)C,CC(=O)C,-4.68
CCC(=O)OCC,CCCCCCCCO,-4.3
CCC(C)O,CCCCCCCCO,-5.15
CCC1=CC=CC=C1,CO,-4.86
CCC1=CC=CC=C1,CCO,-4.83
CCC1=CC=CC=C1,CCC(=O)C,-5.62
CCC1CCCCC1,CO,-4.05
CCC1CCCCC1,CCO,-4.47
CCC1CCCCC1,CCCO,-4.55
CCC1CCCCC1,CCCCO,-4.69
CCC1CCCCC1,CC(=O)OCC,-4.83
CCC1CCCCC1,CC(=O)OC,-4.62
CCC1CCCCC1,CC(=O)OCCCC,-4.99
CCC1CCCCC1,CC(=O)C,-4.54
CCC1CCCCC1,CCC(=O)C,-4.81
CCC1CO1,CC(=O)OC,-4.16
CCCC,CCCCCCCO,-1.96
CCCC(=O)OCC,CCCCCCCCO,-4.86
CCCC(C)C,CO,-2.68
CCCC(C)C,CCO,-2.97
CCCC(C)C,CCCO,-3.01
CCCC(C)C,CCCCO,-3.12
CCCC(C)C,CC(=O)OCC,-3.29
CCCC(C)C,CC(=O)OC,-3.14
CCCC(C)C,CC(=O)OCCCC,-3.4
CCCC(C)C,CC(=O)C,-3.08
CCCC(C)C,CCC(=O)C,-3.27
CCCC1=CC=CC=C1,CO,-5.31
CCCC1=CC=CC=C1,CCCCCCCCO,-5.58
CCCCC,CO,-2.29
CCCCC,CCO,-2.51
CCCCC,CCCO,-2.58
CCCCC,CCCCO,-2.7
CCCCC,CCCCCCCO,-2.66
CCCCC,CCCCOCCCC,-3.19
CCCCC,CC(=O)OCC,-2.85
CCCCC,CC(=O)OC,-2.66
CCCCC,CC(=O)OCCCC,-2.94
CCCCC,CC(=O)C,-2.73
CCCCC,CCC(=O)C,-2.82
CCCCC#N,CCCCCCCCO,-4.89
CCCCC1=CC=CC=C1,CO,-5.81
CCCCC1=CC=CC=C1,CCO,-5.72
CCCCCC,CO,-2.82
CCCCCC,CCO,-3.1
CCCCCC,CCCO,-3.16
CCCCCC,CCCCO,-3.32
CCCCCC,CCCCCCCO,-3.33
CCCCCC,CCCCOCCCC,-3.87
CCCCCC,CC(=O)OCC,-3.46
CCCCCC,CC(=O)OC,-3.3
CCCCCC,CC(=O)OCCCC,-3.59
CCCCCC,COCCO,-2.7
CCCCCC,CC(=O)C,-3.26
CCCCCC,CCC(=O)C,-3.44
CCCCCC#N,CCCCCCCCO,-5.54
CCCCCCC,CO,-3.39
CCCCCCC,CCO,-3.7
CCCCCCC,CCCO,-3.83
CCCCCCC,CCCCO,-3.95
CCCCCCC,CCCCOCCCC,-4.57
CCCCCCC,CC(=O)OCC,-4.09
CCCCCCC,CC(=O)OC,-3.89
CCCCCCC,CC(=O)OCCCC,-4.23
CCCCCCC,CC(=O)C,-3.84
CCCCCCC,CCC(=O)C,-4.12
CCCCCCC=C,CCCCCCCCO,-4.58
CCCCCCCC,CO,-3.86
CCCCCCCC,CC(=O)OC,-4.49
CCCCCCCC,CC(=O)OCCCC,-4.85
CCCCCCCC,CC(=O)C,-4.41
CCCCCCCC=C,CCCCCCCCO,-5.21
CCCCCCCCC,CO,-4.4
CCCCCCCCC,CCO,-4.84
CCCCCCCCC,CCCO,-4.94
CCCCCCCCC,CC(=O)OCC,-5.32
CCCCCCCCC,CC(=O)OC,-5.07
CCCCCCCCC,CC(=O)OCCCC,-5.48
CCCCCCCCC,CC(=O)C,-4.99
CCCCCCCCC,CCC(=O)C,-5.31
CCCCCCCCCC,CCO,-5.35
CCCCCCCCCC,CCC(=O)C,-6.01
CCCCCCCCCCCCCCCC,CCO,-8.9
CCCCCCOC(=O)C,CCCCCCCCO,-6.26
CCCCCl,CCCCCCCCO,-3.71
CCCCCO,CO,-6.84
CCCCCOC(=O)C,CCCCCCCCO,-5.61
CCCCCOCCCCC,CCCCCCCCO,-6.46
CCCCO,CO,-6.31
CCCCOCCCC,CCCCCCCCO,-5.33
CCCO,CO,-5.92
CCCO,CCO,-5.69
CCCOC=O,CCCCCCCCO,-3.64
CCCOCCC,CCCCCCCCO,-4.05
CCI,CO,-3.58
CCI,CCO,-3.57
CCI,CCCO,-3.55
CCI,CCCCO,-3.63
CCI,CCOCC,-3.78
CCI,CC(=O)C,-4.0
CCI,CCC(=O)C,-4.1
CCN(CC)CC,CO,-5.24
CCN(CC)CC,CCO,-4.87
CCN(CC)CC,CCCO,-4.82
CCN(CC)CC,CCCCO,-4.85
CCN(CC)CC,CC(=O)OCC,-4.23
CCN(CC)CC,CCC(=O)C,-4.16
CCO,CO,-5.28
CCO,CC(=O)C,-4.54
CCOC(=O)C,CCO,-4.06
CCOC(C)(C)C,CCOCC,-4.22
CCOC=O,CCCCCCCCO,-2.98
CI,CC(=O)C,-3.56
CO,CC(=O)C,-4.13
N,CCO,-2.65
N#N,CO,1.09
N#N,CCO,1.14
N#N,CCCO,1.2
N#N,CC(=O)C,1.01
O,CO,-5.59
O,CCO,-5.05
O=S=O,CC(=O)OCC,-3.22
S(F)(F)(F)(F)(F)F,CO,0.26
S(F)(F)(F)(F)(F)F,CCO,0.14
S(F)(F)(F)(F)(F)F,CC(=O)C,-0.07
C1=CC=C2C(=C1)C=CC=C2N,O,-7.4
CC(=O)N(C)C,O,-8.15
C,CN1CCCC1=O,0.83
C,C1COCCN1C=O,1.18
C(=O)=O,C(=O)N(C)C,-0.95
C(=O)=O,CN1CCCC1=O,-0.82
C(=O)=O,C1COCCN1C=O,-0.71
C(=O)=S,CN1CCCC1=O,-1.41
C(=S)=S,O,0.16
C(C(F)(F)F)(F)Cl,O,0.79
C(C(F)(F)F)F,O,0.56
C(CCl)Cl,O,-1.79
C(Cl)(Cl)(Cl)Cl,NC=O,-2.16
C(Cl)(Cl)Cl,NC=O,-2.91
C(Cl)Cl,NC=O,-2.66
C(F)(F)(F)Cl,O,2.31
C(F)(F)F,O,0.7
C(F)F,O,-0.33
C[N+](=O)[O-],CN1CCCC1=O,-5.53
C[N+](=O)[O-],NC=O,-4.73
C=C,C(=O)N(C)C,-0.45
C=C,CC(=O)N(C)C,-0.45
C=C,CN1CCCC1=O,-0.4
C=C,CNC=O,-0.2
C=CC#C,C(=O)N(C)C,-3.28
C=CC=C,CN1CCCC1=O,-2.36
C=CCCC=C,O,0.97
C1=CC=CC=C1,CC(=O)N(C)C,-4.29
C1=CC=CC=C1,CN1CCCC1=O,-4.43
C1=CC=CC=C1,C1COCCN1C=O,-4.02
C1=CC=CC=C1,NC=O,-2.69
C1=CC2=C3C(=C1)C=CC4=CC=CC(=C43)C=C2,O,-4.77
C1CCC=CCC1,O,0.7
C1CCCCC1,CN1CCCC1=O,-3.18
C1CCCCC1,C1COCCN1C=O,-2.65
C1CCCCC1,CNC=O,-2.93
C1CCCCC1,NC=O,-1.36
C1CCCCCC1,C(=O)N(C)C,-3.79
C1CCCCCCC1,C(=O)N(C)C,-4.39
C1CCCCCCC1,O,0.91
C1CCOC1,NC=O,-3.69
C1COCCO1,CN1CCCC1=O,-4.97
CC,CN1CCCC1=O,-0.26
CC,C1COCCN1C=O,0.17
CC(=C)C,CN1CCCC1=O,-1.8
CC(=C)C(=C)C,C(=O)N(C)C,-3.53
CC(=C)C=C,O,0.68
CC(=C)C=C,CN1CCCC1=O,-2.89
CC(=O)C,C(=O)N(C)C,-4.02
CC(=O)C,CC(=O)N(C)C,-3.95
CC(=O)C,CN1CCCC1=O,-3.94
CC(=O)C,C1COCCN1C=O,-3.66
CC(=O)C,NC=O,-3.77
CC(=O)OC,C(=O)N(C)C,-3.9
CC(=O)OC,CC(=O)N(C)C,-3.82
CC(=O)OC,CN1CCCC1=O,-3.72
CC(=O)OC,C1COCCN1C=O,-3.58
CC(=O)OC=C,O,-2.67
CC(C)C,CN1CCCC1=O,-1.2
CC(C)C(C)C(C)C,C(=O)N(C)C,-3.53
CC(C)C(C)C(C)C,O,2.57
CC(C)C(C)C(C)C,CC(=O)N(C)C,-3.7
CC(C)C(C)C(C)C,CN1CCCC1=O,-3.6
CC(C)C(C)C(C)C,CNC=O,-3.19
CC(C)C=C,O,1.84
CC(C)CC(=O)C,C1COCCN1C=O,-4.62
CC(C)CC(C)(C)C,CN1CCCC1=O,-3.12
CC(C)CC(C)C,C(=O)N(C)C,-2.82
CC(C)CC(C)C,CC(=O)N(C)C,-2.97
CC(C)CC(C)C,CN1CCCC1=O,-2.82
CC(C)CC(C)C,CNC=O,-2.49
CC(C)CCC(C)C,C(=O)N(C)C,-3.35
CC(C)CCC(C)C,O,2.78
CC(C)CCC(C)C,CC(=O)N(C)C,-3.54
CC(C)CCC(C)C,CN1CCCC1=O,-3.42
CC(C)CCC(C)C,CNC=O,-2.97
CC(C)O,CN1CCCC1=O,-5.12
CC(C)O,C1COCCN1C=O,-4.53
CC(F)(F)Cl,O,0.61
CC#C,C(=O)N(C)C,-2.49
CC=C,CN1CCCC1=O,-1.24
CC=C(C)C,CN1CCCC1=O,-2.51
CC1=CC=CC=C1,CN1CCCC1=O,-4.95
CC1=CC=CC=C1,C1COCCN1C=O,-4.48
CC1=CC=CC=C1,NC=O,-3.02
CC1CCCC1,C(=O)N(C)C,-3.0
CC1CCCC1,O,1.6
CC1CCCC1,CN1CCCC1=O,-2.99
CC1CCCCC1,C(=O)N(C)C,-3.52
CC1CCCCC1,CN1CCCC1=O,-3.59
CC1CCCCC1,C1COCCN1C=O,-2.94
CCC,C(=O)N(C)C,-0.88
CCC,CN1CCCC1=O,-0.89
CCC(=O)C,CN1CCCC1=O,-4.41
CCC(=O)C,C1COCCN1C=O,-4.11
CCC(=O)C,NC=O,-3.98
CCC(=O)OCC,O,-2.7
CCC(C)(C)C,O,2.51
CCC(C)C,O,2.39
CCC=C,C(=O)N(C)C,-1.78
CCC1CCCCC1,C(=O)N(C)C,-4.06
CCC1CCCCC1,O,2.14
CCC1CCCCC1,CC(=O)N(C)C,-4.21
CCC1CCCCC1,CN1CCCC1=O,-4.2
CCC1CCCCC1,CNC=O,-3.73
CCCC,CN1CCCC1=O,-1.56
CCCC(=O)OCC,O,-2.52
CCCC(C)(C)C,O,2.88
CCCC(C)C,C(=O)N(C)C,-2.52
CCCC(C)C,CC(=O)N(C)C,-2.65
CCCC(C)C,CN1CCCC1=O,-2.55
CCCC(C)C,CNC=O,-2.24
CCCCC,C(=O)N(C)C,-2.18
CCCCC,CC(=O)N(C)C,-2.29
CCCCC,CN1CCCC1=O,-2.18
CCCCC,CNC=O,-1.87
CCCCC#C,C(=O)N(C)C,-3.94
CCCCC=C,C(=O)N(C)C,-2.96
CCCCC=C,CN1CCCC1=O,-2.91
CCCCC=C,C1COCCN1C=O,-2.37
CCCCCC,C(=O)N(C)C,-2.62
CCCCCC,CC(=O)N(C)C,-2.76
CCCCCC,CN1CCCC1=O,-2.65
CCCCCC,C1COCCN1C=O,-1.98
CCCCCC,CNC=O,-2.36
CCCCCC#C,C(=O)N(C)C,-4.37
CCCCCC=C,C(=O)N(C)C,-3.36
CCCCCC=C,CN1CCCC1=O,-3.46
CCCCCC=C,C1COCCN1C=O,-2.89
CCCCCCC,C(=O)N(C)C,-3.16
CCCCCCC,CC(=O)N(C)C,-3.36
CCCCCCC,CN1CCCC1=O,-3.2
CCCCCCC,C1COCCN1C=O,-2.52
CCCCCCC,CNC=O,-2.85
CCCCCCC,NC=O,-0.97
CCCCCCC#C,C(=O)N(C)C,-4.99
CCCCCCC#C,CN1CCCC1=O,-4.98
CCCCCCC=C,C(=O)N(C)C,-3.89
CCCCCCC=C,CN1CCCC1=O,-4.02
CCCCCCC=C,C1COCCN1C=O,-3.4
CCCCCCCC,CN1CCCC1=O,-3.77
CCCCCCCC,C1COCCN1C=O,-3.04
CCCCCCCCC,C(=O)N(C)C,-4.3
CCCCCCCCC,CC(=O)N(C)C,-4.53
CCCCCCCCC,CN1CCCC1=O,-4.3
CCCCCCCCC,CNC=O,-3.82
CCCCCCCCC=O,O,-2.08
CCCCCCCCCO,O,-3.9
CCCCCCOC(=O)C,O,-2.29
CCCO,CN1CCCC1=O,-5.69
CCCO,C1COCCN1C=O,-5.02
CCCOCCC,O,-1.23
CCI,C(=O)N(C)C,-3.83
CCN(CC)CC,C(=O)N(C)C,-3.57
CCO,CN1CCCC1=O,-5.09
CCO,C1COCCN1C=O,-4.53
CCOC(=O)C,C(=O)N(C)C,-4.32
CCOC(=O)C,CC(=O)N(C)C,-4.23
CCOC(=O)C,C1COCCN1C=O,-3.89
CCOC(=O)C,NC=O,-3.61
CCOC(C)(C)C,O,-1.61
CCOCC,NC=O,-1.93
ClC=C(F)(F),O,0.52
CN(C)C=O,O,-7.77
CO,C(=O)N(C)C,-4.64
CO,CC(=O)N(C)C,-4.86
CO,CN1CCCC1=O,-4.7
CO,C1COCCN1C=O,-4.25
COC=O,NC=O,-3.07
FS(F)(F)(F)(F)F,C(=O)N(C)C,0.83
FS(F)(F)(F)(F)F,O,3.04
FS(F)(F)(F)(F)F,CC(=O)N(C)C,0.76
FS(F)(F)(F)(F)F,CNC=O,1.02
N,CN1CCCC1=O,-1.85
O=S=O,O,-2.07
S,CN1CCCC1=O,-2.2
S,C1COCCN1C=O,-1.81
C(C(Cl)Cl)(Cl)Cl,O,-2.45
C1=CC(=C(C=C1Cl)Cl)Cl,O,-1.16
C1=CC(=CC(=C1)Cl)Cl,O,-1.05
C1=CC(=CC=C1C(=C(Cl)Cl)C2=CC=C(C=C2)Cl)Cl,O,-3.78
C1=CC(=CC=C1C(C2=CC=C(C=C2)Cl)C(Cl)(Cl)Cl)Cl,O,-4.61
C1CC2=CC=CC=C2C1,O,-1.42
CC(C)CCO,O,-4.41
CC1=CC(=CC(=C1)C)C,O,-0.77
CCCCCl,O,-0.23
C=C,c1ccccc1C#N,-0.45
C1=CC=CC=C1,c1ccccc1C#N,-4.35
C1CCCCC1,c1ccccc1C#N,-3.54
CC(=C)C=C,c1ccccc1C#N,-3.0
CC(C)C(C)C(C)C,c1ccccc1C#N,-4.01
CC(C)CC(C)C,c1ccccc1C#N,-3.27
CC(C)CCC(C)C,c1ccccc1C#N,-3.85
CC=C(C)C,c1ccccc1C#N,-2.89
CCC1CCCCC1,c1ccccc1C#N,-4.57
CCCC,c1ccccc1C#N,-1.93
CCCC(C)C,c1ccccc1C#N,-2.91
CCCCC,c1ccccc1C#N,-2.48
CCCCC=C,c1ccccc1C#N,-3.15
CCCCCC,c1ccccc1C#N,-3.13
CCCCCCC,c1ccccc1C#N,-3.76
CCCCCCCCC,c1ccccc1C#N,-4.97
CCI,c1ccccc1C#N,-4.0
CCN(CC)CC,c1ccccc1C#N,-4.05
FS(F)(F)(F)(F)F,c1ccccc1C#N,0.71
CC(C)C(C)C,O,2.36
CCC(C)Br,O,-0.27
CCC(C)CC,O,2.47
CCCCC(C)C,O,2.93
C=CCC(C)C,O,1.9
CC1=CCC2CC1C2(C)C,O,0.97
C1=COC(=C1)C=O,O,-5.28
[N]=O,c1ccc(C)cc1C,0.79
C(=O)=O,c1ccc(C)cc1C,-0.45
C1=CC=CC=C1,c1ccc(C)cc1C,-4.36
C1CCCCC1,c1cc(C)ccc1C,-4.17
CC(C)C(C)C(C)C,c1cc(C)ccc1C,-4.85
CC(C)CC(C)C,c1cc(C)ccc1C,-4.07
CC(C)CCC(C)C,c1cc(C)ccc1C,-4.77
CCC1CCCCC1,c1cc(C)ccc1C,-5.35
CCCC(C)C,c1cc(C)ccc1C,-3.64
CCCCC,c1cc(C)ccc1C,-3.16
CCCCCC,c1cc(C)ccc1C,-3.87
CCCCCCC,c1cc(C)ccc1C,-4.58
CCCCCCCCC,c1cc(C)ccc1C,-5.93
C1CCCCC1,CC(C)(C)CC(C)C,-4.15
CC(C)C(C)C(C)C,CC(C)(C)CC(C)C,-4.9
CC(C)CC(C)C,CC(C)(C)CC(C)C,-4.15
CC(C)CCC(C)C,CC(C)(C)CC(C)C,-4.84
CCC1CCCCC1,CC(C)(C)CC(C)C,-5.28
CCCC(C)C,CC(C)(C)CC(C)C,-3.72
CCCCCCC,CC(C)(C)CC(C)C,-4.6
CCCCCCCCC,CC(C)(C)CC(C)C,-5.95
CSC,CC(C)(C)CC(C)C,-2.9
N#N,CC(C)(C)CC(C)C,0.88
O=S=O,CC(C)(C)CC(C)C,-1.17
[N]=O,CCCCCC,0.47
C,CCCCCC,0.03
C,CCCCCCC,0.1
C,CCCCCCCC,0.16
C,CCCCCCCCCC,0.24
C(Cl)(Cl)(Cl)Cl,CCCCCC,-4.14
C(Cl)(Cl)Cl,CCCCCCC,-3.62
C(F)(F)(F)F,CCCCCC,0.49
C(F)(F)(F)F,CCCCCCC,0.62
C(F)(F)(F)F,CCCCCCCC,0.72
C(F)(F)(F)F,CCCCCCCCCC,0.86
C=C,CCCCCC,-0.64
C=C,CCCCCCC,-0.62
C=C,CCCCCCCC,-0.6
C=C,CCCCCCCCCC,-0.57
C1CCCCC1,CCCCCC,-4.24
C1CCCCC1,CCCCCCC,-4.2
C1CCCCC1,CCCCCCCC,-4.18
C1CCCCC1,CCCCCCCCCC,-4.11
C1COCCO1,CCCCCCC,-4.01
CC,CCCCCC,-1.03
CC,CCCCCCC,-0.99
CC,CCCCCCCC,-0.96
CC,CCCCCCCCCC,-0.89
CC(=C)C,CCCCCC,-2.43
CC(=C)C,CCCCCCC,-2.44
CC(=C)C,CCCCCCCC,-2.41
CC(=C)C,CCCCCCCCCC,-2.36
CC(C)(C)Cl,CCCCCC,-3.43
CC(C)(C)Cl,CCCCCCC,-3.47
CC(C)C,CCCCCC,-2.33
CC(C)C,CCCCCCC,-2.31
CC(C)C,CCCCCCCC,-2.3
CC(C)C,CCCCCCCCCC,-2.23
CC(C)C(C)C(C)C,CCCCCC,-5.03
CC(C)C(C)C(C)C,CCCCCCC,-4.98
CC(C)C(C)C(C)C,CCCCCCCC,-4.91
CC(C)C(C)C(C)C,CCCCCCCCCC,-4.84
CC(C)CC(C)(C)C,CCCCCCCC,-4.53
CC(C)CC(C)C,CCCCCC,-4.35
CC(C)CC(C)C,CCCCCCC,-4.22
CC(C)CC(C)C,CCCCCCCC,-4.14
CC(C)CC(C)C,CCCCCCCCCC,-4.06
CC(C)CCC(C)C,CCCCCC,-4.97
CC(C)CCC(C)C,CCCCCCC,-4.9
CC(C)CCC(C)C,CCCCCCCC,-4.83
CC(C)CCC(C)C,CCCCCCCCCC,-4.74
CC(C)CO,CCCCCCC,-3.51
CC(C)O,CCCCCCC,-2.71
CC=C,CCCCCC,-1.75
CC=C,CCCCCCC,-1.74
CC=C,CCCCCCCC,-1.71
CC=C,CCCCCCCCCC,-1.68
CCC,CCCCCC,-1.8
CCC,CCCCCCC,-1.77
CCC,CCCCCCCC,-1.74
CCC,CCCCCCCCCC,-1.67
CCC(C)(C)C,CCCCCC,-3.63
CCC(C)O,CCCCCCC,-3.28
CCC=C,CCCCCC,-2.49
CCC=C,CCCCCCC,-2.48
CCC=C,CCCCCCCC,-2.45
CCC=C,CCCCCCCCCC,-2.42
CCC1=CC=CC=C1,CCCCCCC,-5.36
CCC1CCCCC1,CCCCCC,-5.42
CCC1CCCCC1,CCCCCCC,-5.39
CCC1CCCCC1,CCCCCCCC,-5.38
CCC1CCCCC1,CCCCCCCCCC,-5.28
CCCC,CCCCCC,-2.55
CCCC,CCCCCCC,-2.54
CCCC,CCCCCCCC,-2.49
CCCC,CCCCCCCCCC,-2.43
CCCC(C)C,CCCCCC,-3.87
CCCC(C)C,CCCCCCC,-3.78
CCCC(C)C,CCCCCCCC,-3.71
CCCC(C)C,CCCCCCCCCC,-3.63
CCCCC,CCCCCC,-3.36
CCCCC,CCCCCCC,-3.27
CCCCC,CCCCCCCC,-3.24
CCCCC,CCCCCCCCCC,-3.16
CCCCCC,CCCCCCC,-3.97
CCCCCC,CCCCCCCC,-3.92
CCCCCC,CCCCCCCCCC,-3.83
CCCCCCC,CCCCCC,-4.77
CCCCCCC,CCCCCCCC,-4.62
CCCCCCC,CCCCCCCCCC,-4.53
CCCCCCCC,CCCCCCC,-5.37
CCCCCCCCC,CCCCCC,-6.12
CCCCCCCCC,CCCCCCC,-6.06
CCCCCCCCC,CCCCCCCC,-5.98
CCCCCCCCC,CCCCCCCCCC,-5.88
CCCCCCCCN,CCCCCCC,-6.96
CCCCCCCCO,CCCCCCC,-6.38
CCCCCCCN,CCCCCCC,-6.22
CCCCCCl,CCCCCC,-4.76
CCCCCCN,CCCCCCC,-5.51
CCCCCl,CCCCCC,-4.05
CCCCCN,CCCCCCC,-4.79
CCCCl,CCCCCCC,-3.27
CCI,CCCCCC,-3.73
CCOC(C)(C)C,CCCCCC,-4.07
CCOC(C)(C)C,CCCCCCC,-3.98
CSC,CCCCCC,-2.97
FS(F)(F)(F)(F)F,CCCCCC,-0.41
FS(F)(F)(F)(F)F,CCCCCCC,-0.32
FS(F)(F)(F)(F)F,CCCCCCCC,-0.23
FS(F)(F)(F)(F)F,CCCCCCCCCC,-0.06
N#N,CCCCCC,0.8
N#N,CCCCCCC,0.88
N#N,CCCCCCCC,0.97
N#N,CCCCCCCCCC,1.09
O,CCCCCC,-0.67
O,CCCCCCC,-0.72
O,CCCCCCCC,-0.73
O,CCCCCCCCCC,-0.48
O=O,CCCCCC,0.59
O=O,CCCCCCC,0.64
O=O,CCCCCCCC,0.7
O=O,CCCCCCCCCC,0.77
C[N+](=O)[O-],O1CCOCC1,-5.08
C=C,O1CCOCC1,-0.58
C1=CC=CC=C1,O1CCOCC1,-4.53
C1CCCCC1,O1CCCC1,-4.23
C1CCCCC1,O1CCOCC1,-3.66
CC(C)(C)C1=CC=CC=C1,O1CCCC1,-6.93
CC(C)C(C)C(C)C,O1CCCC1,-4.92
CC(C)C(C)C(C)C,O1CCOCC1,-4.17
CC(C)C1=CC=CC=C1,O1CCCC1,-6.5
CC(C)CC(C)C,O1CCCC1,-4.15
CC(C)CC(C)C,O1CCOCC1,-3.39
CC(C)CCC(C)C,O1CCCC1,-4.85
CC(C)CCC(C)C,O1CCOCC1,-4.04
CC(C)O,O1CCCC1,-4.75
CC#N,O1CCOCC1,-4.45
CC1=CC=CC=C1,O1CCOCC1,-5.15
CCC(=O)C,O1CCOCC1,-4.45
CCC1=CC=CC=C1,O1CCCC1,-6.03
CCC1CCCCC1,O1CCCC1,-5.38
CCC1CCCCC1,O1CCOCC1,-4.67
CCCC(C)C,O1CCCC1,-3.7
CCCC(C)C,O1CCOCC1,-3.03
CCCC1=CC=CC=C1,O1CCCC1,-6.63
CCCCC,O1CCCC1,-3.22
CCCCC,O1CCOCC1,-2.6
CCCCCC,O1CCCC1,-3.9
CCCCCC,O1CCOCC1,-3.22
CCCCCCC,O1CCCC1,-4.58
CCCCCCC,O1CCOCC1,-3.86
CCCCCCCC,O1CCOCC1,-4.49
CCCCCCCCC,O1CCCC1,-5.94
CCCCCCCCC,O1CCOCC1,-5.1
CCCCCCl,O1CCCC1,-5.67
CCCCCCl,O1CCOCC1,-4.94
CCCCN,O1CCOCC1,-4.48
CCCO,O1CCCC1,-5.22
CCN(CC)CC,O1CCCC1,-4.59
CCN(CC)CC,O1CCOCC1,-4.06
CCO,O1CCOCC1,-4.36
CO,O1CCCC1,-3.88
FS(F)(F)(F)(F)F,O1CCOCC1,0.52
O,O1CCOCC1,-4.37
O=S=O,O1CCCC1,-3.93
C[N+](=O)[O-],ClCCCl,-4.9
C1=CC=CC=C1,ClCCCl,-4.59
C1CCCCC1,ClCCCl,-3.93
CC(C)(C)Cl,ClCCCl,-3.69
CC(C)C(C)C(C)C,ClCCCl,-4.4
CC(C)CC(C)C,ClCCCl,-3.63
CC(C)CCC(C)C,ClCCCl,-4.29
CC1=CC=CC=C1,ClCCCl,-5.3
CCC(=O)C,ClCCCl,-4.97
CCC1CCCCC1,ClCCCl,-4.91
CCCC(C)C,ClCCCl,-3.24
CCCCC,ClCCCl,-2.77
CCCCCC,ClCCCl,-3.45
CCCCCCC,ClCCCl,-4.09
CCCCCCCC,ClCCCl,-4.71
CCCCCCCCC,ClCCCl,-5.32
CCI,ClCCCl,-4.2
CCN(CC)CC,ClCCCl,-4.38
COC(=O)OC,ClCCCl,-5.04
O=S=O,ClCCCl,-2.55
C(CCl)CCl,O,-1.89
C1=CC=CC=C1,C1CCCCC1=O,-4.55
C1C=CCC=C1,O,-0.67
C1CCCCC1,C1CCCCC1=O,-3.85
CC(=C)C=C,C1CCCCC1=O,-3.22
CC(C)C(C)C(C)C,C1CCCCC1=O,-4.32
CC(C)CC(C)C,C1CCCCC1=O,-3.56
CC(C)CCC(C)C,C1CCCCC1=O,-4.2
CC=C(C)C,C1CCCCC1=O,-3.09
CCC(C)C,C1CCCCC1=O,-2.58
CCC1CCCCC1,C1CCCCC1=O,-4.85
CCCC(C)C,C1CCCCC1=O,-3.16
CCCCC,C1CCCCC1=O,-2.73
CCCCCC,C1CCCCC1=O,-3.37
CCCCCCC,C1CCCCC1=O,-4.0
CCCCCCCCC,C1CCCCC1=O,-5.24
C1=CC=C(C(=C1)N)[N+](=O)[O-],O,-7.43
C1=CC=CC=C1,c1ccccc1Cl,-4.44
C1CCCCC1,c1ccccc1Cl,-4.22
CC(C)C(C)C(C)C,c1ccccc1Cl,-4.84
CC(C)CC(C)C,c1ccccc1Cl,-4.04
CC(C)CCC(C)C,c1ccccc1Cl,-4.75
CCC1CCCCC1,c1ccccc1Cl,-5.37
CCCC(C)C,c1ccccc1Cl,-3.62
CCCCC,c1ccccc1Cl,-3.14
CCCCCC,c1ccccc1Cl,-3.85
CCCCCCC,c1ccccc1Cl,-4.56
CCCCCCCCC,c1ccccc1Cl,-5.97
CCI,c1ccccc1Cl,-4.22
CCI,c1ccccc1Br,-4.23
CCI,c1ccccc1I,-4.29
CCN(CC)CC,c1ccccc1Cl,-4.56
CCN(CC)CC,c1ccccc1Br,-4.47
CCN(CC)CC,c1ccccc1I,-4.33
[N]=O,ClC(Cl)(Cl)Cl,0.62
C(=S)=S,ClC(Cl)(Cl)Cl,-3.62
C(Cl)(Cl)(Cl)Cl,ClC(Cl)Cl,-4.43
C(Cl)(Cl)Cl,ClC(Cl)(Cl)Cl,-4.0
C(Cl)Br,ClC(Cl)(Cl)Cl,-3.93
C(Cl)Cl,ClC(Cl)Cl,-3.62
C=C,ClC(Cl)(Cl)Cl,-0.78
C1CCCCC1,ClC(Cl)(Cl)Cl,-4.44
C1CCCCC1,ClCCl,-4.1
C1CCOC1,ClC(Cl)(Cl)Cl,-4.28
CC,ClC(Cl)(Cl)Cl,-1.0
CC(C)C,ClC(Cl)(Cl)Cl,-2.37
CC(C)C(C)C(C)C,ClC(Cl)Cl,-4.98
CC(C)C(C)C(C)C,ClC(Cl)(Cl)Cl,-5.09
CC(C)C(C)C(C)C,ClCCl,-4.74
CC(C)CC(C)C,ClC(Cl)Cl,-4.17
CC(C)CC(C)C,ClC(Cl)(Cl)Cl,-4.29
CC(C)CC(C)C,ClCCl,-3.96
CC(C)CCC(C)C,ClC(Cl)Cl,-4.88
CC(C)CCC(C)C,ClC(Cl)(Cl)Cl,-5.01
CC(C)CCC(C)C,ClCCl,-4.64
CC=C,ClC(Cl)(Cl)Cl,-1.84
CCC,ClC(Cl)(Cl)Cl,-1.83
CCC(=O)C,ClCCl,-5.26
CCC1CCCCC1,ClC(Cl)Cl,-5.46
CCC1CCCCC1,ClC(Cl)(Cl)Cl,-5.58
CCC1CCCCC1,ClCCl,-5.2
CCCC,ClC(Cl)(Cl)Cl,-2.67
CCCC(C)C,ClC(Cl)Cl,-3.72
CCCC(C)C,ClC(Cl)(Cl)Cl,-3.85
CCCC(C)C,ClCCl,-3.54
CCCCC,ClC(Cl)Cl,-3.23
CCCCC,ClC(Cl)(Cl)Cl,-3.32
CCCCC,ClCCl,-3.07
CCCCCC,ClC(Cl)Cl,-3.94
CCCCCC,ClC(Cl)(Cl)Cl,-4.08
CCCCCC,ClCCl,-3.75
CCCCCC,ClCCCC,-3.91
CCCCCCC,ClC(Cl)Cl,-4.64
CCCCCCC,ClC(Cl)(Cl)Cl,-4.81
CCCCCCC,ClCCl,-4.45
CCCCCCCCC,ClC(Cl)Cl,-6.04
CCCCCCCCC,ClC(Cl)(Cl)Cl,-6.2
CCCCCCCCC,ClCCl,-5.72
CCI,ClCCCC,-4.15
CCN(CC)CC,ClC(Cl)Cl,-5.61
CCN(CC)CC,ClC(Cl)(Cl)Cl,-4.82
CCOCC,ClC(Cl)(Cl)Cl,-3.52
CI,ClC(Cl)Cl,-3.78
CI,ClC(Cl)(Cl)Cl,-3.49
COC(=O)OC,ClC(Cl)(Cl)Cl,-4.27
N#N,ClC(Cl)Cl,1.14
N#N,ClC(Cl)(Cl)Cl,1.08
CCCCC(C)O,O,-4.28
CCCCCCN,O,-4.0
CCCCOCCCC,O,-0.8
CCCCC#N,O,-3.49
CC(C)C(=O)C(C)C,O,-2.56
CCCCCCCCCCO,O,-3.69
CCCCCCCCN,O,-3.73
CC(Cl)Cl,O,-0.84
CCOC(=O)c1ccccc1,O,-3.74
C=C(Cl)Cl,O,0.22
CCCOC(=O)CC,O,-2.45
Cc1ccc(cc1)C(C)C,O,-0.67
CCCOC=O,O,-2.51
CC(C)OC(=O)C,O,-2.59
CC(C)C(=O)C,O,-3.24
CCCCS,O,-0.88
Cc1cccc(c1C)C,O,-1.15
Cc1ccc(c(c1)C)C,O,-0.83
CCCC(=C)C,O,1.46
C(CBr)Br,O,-2.2
CCc1cccc2c1cccc2,O,-2.3
CC(C)CCOC(=O)C,O,-2.29
c1cc(cc(c1)Cl)N,O,-5.9
CCCC1CCCC1,O,2.13
CC(C)CCC(C)(C)C,O,2.94
CC(C)COC(=O)C,O,-2.41
COc1ccc(cc1)N,O,-7.54
CC(C)Cc1ccccc1,O,0.19
Cc1cccc2c1cccc2,O,-2.32
C(=O)N,CC(C)C1=CC=CC=C1,-4.1
CCOC(=O)C,CCCCCC=CCC=CCCCCCCCC(=O)O,-3.67
C1CCCC1,C(=CCl)Cl,-3.78
C1COCCO1,C1=CC=C(C=C1)COCC2=CC=CC=C2,-4.77
CCC(=O)C,C1=CC=C(C=C1)COCC2=CC=CC=C2,-4.09
CCO,C1=CC=C(C=C1)COCC2=CC=CC=C2,-3.38
CC1=CC=CC=C1,C1=CC=C(C=C1)COCC2=CC=CC=C2,-4.79
C[N+](=O)[O-],C1=CC=C(C=C1)COCC2=CC=CC=C2,-4.41
CCCCCCCC,C1=CC=C(C=C1)COCC2=CC=CC=C2,-4.28
CC(C)O,CC(Cl)(Cl)Cl,-4.07
COC(=O)OC,CC(Cl)(Cl)Cl,-4.63
CCN(CC)CC,CC(Cl)(Cl)Cl,-4.63
CC(=C)C=C,C(C(Br)Br)(Br)Br,-2.83
CC=C(C)C,C(C(Br)Br)(Br)Br,-2.68
C1=CC=CC=C1,C(C(Br)Br)(Br)Br,-4.27
C1CCCCC1,C(C(Br)Br)(Br)Br,-3.42
CCCCCCC,C(C(Br)Br)(Br)Br,-3.34
CCCCCC,C(C(Br)Br)(Br)Br,-2.72
CCCCC,C(C(Br)Br)(Br)Br,-2.06
O,C(C(Br)Br)(Br)Br,-1.63
CC(=C)C=C,C(C(Cl)Cl)(Cl)Cl,-3.21
CC=C(C)C,C(C(Cl)Cl)(Cl)Cl,-3.16
CCC(C)C,C(C(Cl)Cl)(Cl)Cl,-2.38
C1=CC=CC=C1,C(C(Cl)Cl)(Cl)Cl,-4.59
C1CCCCC1,C(C(Cl)Cl)(Cl)Cl,-3.76
CCCCCC,C(C(Cl)Cl)(Cl)Cl,-3.35
CCI,C(C(Cl)Cl)(Cl)Cl,-4.41
CCN(CC)CC,C(C(Cl)Cl)(Cl)Cl,-5.86
CCCCC,C(C(Cl)Cl)(Cl)Cl,-2.77
C1CC=CC=C1,C1CCC(CC1)C2CCCCC2,-4.06
C1C=CCC=C1,C1CCC(CC1)C2CCCCC2,-4.34
CCCCCC=C,C1CCC(CC1)C2CCCCC2,-4.33
CCCCCC#C,C1CCC(CC1)C2CCCCC2,-4.33
CCCCC=C,C1CCC(CC1)C2CCCCC2,-3.65
CCCCC#C,C1CCC(CC1)C2CCCCC2,-3.65
C1=CC=CC=C1,C1CCC(CC1)C2CCCCC2,-3.96
C1CCCCC1,C1CCC(CC1)C2CCCCC2,-4.09
C1CCC=CC1,C1CCC(CC1)C2CCCCC2,-4.18
CCCCCCC,C1CCC(CC1)C2CCCCC2,-4.48
CCCCCC,C1CCC(CC1)C2CCCCC2,-3.73
CCC(=O)C,CC(Cl)Cl,-4.91
CCO,CC(Cl)Cl,-3.56
CC1=CC=CC=C1,CC(Cl)Cl,-5.32
C[N+](=O)[O-],CC(Cl)Cl,-4.84
CCCCCCCC,CC(Cl)Cl,-4.66
C1COCCO1,CCOCCOCCOCC,-4.77
CC(C)C(C)C(C)C,CCOCCOCCOCC,-4.33
CC(C)CC(C)C,CCOCCOCCOCC,-3.59
CC(C)CCC(C)C,CCOCCOCCOCC,-4.23
CCC(=O)C,CCOCCOCCOCC,-4.17
CCCC(C)C,CCOCCOCCOCC,-3.21
C(=O)=O,CCOCCOCCOCC,-0.69
C1CCCCC1,CCOCCOCCOCC,-3.81
CCO,CCOCCOCCOCC,-4.21
CCC1CCCCC1,CCOCCOCCOCC,-4.82
CCCCCCC,CCOCCOCCOCC,-4.04
CCCCCC,CCOCCOCCOCC,-3.42
CC1=CC=CC=C1,CCOCCOCCOCC,-4.96
C[N+](=O)[O-],CCOCCOCCOCC,-4.91
CCCCCCCCC,CCOCCOCCOCC,-5.25
CCCCCCCC,CCOCCOCCOCC,-4.65
CCCCC,CCOCCOCCOCC,-2.79
CCCC,COCCOCCOC,-1.89
C(=O)=O,COCCOCCOC,-0.84
CC,COCCOCCOC,-0.44
S,COCCOCCOC,-1.96
C,COCCOCCOC,0.5
CCC,COCCOCCOC,-1.24
O=S=O,COCCOCCOC,-4.02
CC(C)C(C)C(C)C,CCCCOCCCC,-4.88
CC(C)CC(C)C,CCCCOCCCC,-4.13
CC(C)CCC(C)C,CCCCOCCCC,-4.81
CCCC(C)C,CCCCOCCCC,-3.7
CCC1CCCCC1,CCCCOCCCC,-5.24
CCCCCCCCC,CCCCOCCCC,-5.95
C=CC=C,CCOCC,-2.72
CC(C)C(C)C(C)C,CCOCC,-4.96
CC(C)CC(C)C,CCOCC,-4.19
CC(C)CCC(C)C,CCOCC,-4.91
CCCC(C)C,CCOCC,-3.78
C=C,CCOCC,-0.97
CCC1CCCCC1,CCOCC,-5.33
CCCCCCC,CCOCC,-4.66
CCCCCC,CCOCC,-3.99
[N]=O,CCOCC,0.34
CCCCCCCCC,CCOCC,-5.97
CCCCC,CCOCC,-3.3
C1CC=CC=C1,C1CCC2=CC=CC=C2C1,-4.31
C1C=CCC=C1,C1CCC2=CC=CC=C2C1,-4.58
CCCCCC=C,C1CCC2=CC=CC=C2C1,-4.37
CCCCCC#C,C1CCC2=CC=CC=C2C1,-4.66
CCCCC=C,C1CCC2=CC=CC=C2C1,-3.69
CCCCC#C,C1CCC2=CC=CC=C2C1,-3.99
C1=CC=CC=C1,C1CCC2=CC=CC=C2C1,-4.33
C1CCCCC1,C1CCC2=CC=CC=C2C1,-4.1
C1CCC=CC1,C1CCC2=CC=CC=C2C1,-4.28
CCCCCCC,C1CCC2=CC=CC=C2C1,-4.37
CCCCCC,C1CCC2=CC=CC=C2C1,-3.65
CCCCO,C(C(CO)O)O,-4.56
CCCO,C(C(CO)O)O,-4.37
CCO,C(C(CO)O)O,-4.32
CO,C(C(CO)O)O,-4.18
CCCCCC=C,CCCCC(CC)COC(=O)C1=CC=CC=C1C(=O)OCC(CC)CCCC,-3.78
CCCCC=C,CCCCC(CC)COC(=O)C1=CC=CC=C1C(=O)OCC(CC)CCCC,-3.18
C1=CC=CC=C1,CCCCC(CC)COC(=O)C1=CC=CC=C1C(=O)OCC(CC)CCCC,-3.9
C1CCCCC1,CCCCC(CC)COC(=O)C1=CC=CC=C1C(=O)OCC(CC)CCCC,-3.6
CCCCCCC,CCCCC(CC)COC(=O)C1=CC=CC=C1C(=O)OCC(CC)CCCC,-3.79
CCCCCC,CCCCC(CC)COC(=O)C1=CC=CC=C1C(=O)OCC(CC)CCCC,-3.13
CC1=CC=CC=C1,CCCCC(CC)COC(=O)C1=CC=CC=C1C(=O)OCC(CC)CCCC,-4.55
CC1CCCCC1,CCCCC(CC)COC(=O)C1=CC=CC=C1C(=O)OCC(CC)CCCC,-3.99
CCCCCCCC,CCCCC(CC)COC(=O)C1=CC=CC=C1C(=O)OCC(CC)CCCC,-4.43
CCCCC,CCCCC(CC)COC(=O)C1=CC=CC=C1C(=O)OCC(CC)CCCC,-2.47
CCCCCC=C,CCCCOC(=O)C1=CC=CC=C1C(=O)OCCCC,-3.98
CCCCC=C,CCCCOC(=O)C1=CC=CC=C1C(=O)OCCCC,-3.37
CCCCCCC=C,CCCCOC(=O)C1=CC=CC=C1C(=O)OCCCC,-4.62
CCCC=C,CCCCOC(=O)C1=CC=CC=C1C(=O)OCCCC,-2.7
C1=CC=CC=C1,CCCCOC(=O)C1=CC=CC=C1C(=O)OCCCC,-4.23
C1CCCCC1,CCCCOC(=O)C1=CC=CC=C1C(=O)OCCCC,-3.73
CCC1=CC=CC=C1,CCCCOC(=O)C1=CC=CC=C1C(=O)OCCCC,-5.38
CCC1CCCCC1,CCCCOC(=O)C1=CC=CC=C1C(=O)OCCCC,-4.8
CCCCCCC,CCCCOC(=O)C1=CC=CC=C1C(=O)OCCCC,-3.88
CCCCCC,CCCCOC(=O)C1=CC=CC=C1C(=O)OCCCC,-3.24
CC1=CC=CC=C1,CCCCOC(=O)C1=CC=CC=C1C(=O)OCCCC,-4.82
CC1CCCCC1,CCCCOC(=O)C1=CC=CC=C1C(=O)OCCCC,-4.11
CCCCCCCC,CCCCOC(=O)C1=CC=CC=C1C(=O)OCCCC,-4.5
CCCCC,CCCCOC(=O)C1=CC=CC=C1C(=O)OCCCC,-2.59
CCCCO,CCOC(=O)C1=CC=CC=C1C(=O)OCC,-4.61
CCCCCC=C,CCOC(=O)C1=CC=CC=C1C(=O)OCC,-3.53
CCCCC=C,CCOC(=O)C1=CC=CC=C1C(=O)OCC,-2.96
CCCCCCC=C,CCOC(=O)C1=CC=CC=C1C(=O)OCC,-4.11
CCCC=C,CCOC(=O)C1=CC=CC=C1C(=O)OCC,-2.33
CCCO,CCOC(=O)C1=CC=CC=C1C(=O)OCC,-4.09
CCC(C)O,CCOC(=O)C1=CC=CC=C1C(=O)OCC,-4.35
CCC(=O)C,CCOC(=O)C1=CC=CC=C1C(=O)OCC,-4.1
CC(C)CO,CCOC(=O)C1=CC=CC=C1C(=O)OCC,-4.88
CC(C)O,CCOC(=O)C1=CC=CC=C1C(=O)OCC,-3.75
CC(=O)C,CCOC(=O)C1=CC=CC=C1C(=O)OCC,-3.53
CCOC(=O)C,CCOC(=O)C1=CC=CC=C1C(=O)OCC,-3.94
CC(=O)OC,CCOC(=O)C1=CC=CC=C1C(=O)OCC,-3.48
C1=CC=CC=C1,CCOC(=O)C1=CC=CC=C1C(=O)OCC,-4.06
C1CCCCC1,CCOC(=O)C1=CC=CC=C1C(=O)OCC,-3.24
CCCCCCCCCC,CCOC(=O)C1=CC=CC=C1C(=O)OCC,-5.13
C(Cl)Cl,CCOC(=O)C1=CC=CC=C1C(=O)OCC,-3.51
CCO,CCOC(=O)C1=CC=CC=C1C(=O)OCC,-3.54
CCC1=CC=CC=C1,CCOC(=O)C1=CC=CC=C1C(=O)OCC,-5.23
CCC1CCCCC1,CCOC(=O)C1=CC=CC=C1C(=O)OCC,-4.24
CCCCCCC,CCOC(=O)C1=CC=CC=C1C(=O)OCC,-3.35
CCCCCC,CCOC(=O)C1=CC=CC=C1C(=O)OCC,-2.73
CO,CCOC(=O)C1=CC=CC=C1C(=O)OCC,-3.26
CC1=CC=CC=C1,CCOC(=O)C1=CC=CC=C1C(=O)OCC,-4.68
CC1CCCCC1,CCOC(=O)C1=CC=CC=C1C(=O)OCC,-3.59
CCCCCCCCC,CCOC(=O)C1=CC=CC=C1C(=O)OCC,-4.53
CCCCCCCC,CCOC(=O)C1=CC=CC=C1C(=O)OCC,-3.95
CCCCC,CCOC(=O)C1=CC=CC=C1C(=O)OCC,-2.11
C(Cl)(Cl)(Cl)Cl,CCOC(=O)C1=CC=CC=C1C(=O)OCC,-3.77
C(Cl)(Cl)Cl,CCOC(=O)C1=CC=CC=C1C(=O)OCC,-4.1
CCC(C)(C)C,CCCCCCCCCOC(=O)C1=CC=CC=C1C(=O)OCCCCCCCCC,-2.76
CCC(C)C,CCCCCCCCCOC(=O)C1=CC=CC=C1C(=O)OCCCCCCCCC,-2.36
CCCC(C)C,CCCCCCCCCOC(=O)C1=CC=CC=C1C(=O)OCCCCCCCCC,-3.02
C1=CC=CC=C1,CCCCCCCCCOC(=O)C1=CC=CC=C1C(=O)OCCCCCCCCC,-3.98
CCO,CCCCCCCCCOC(=O)C1=CC=CC=C1C(=O)OCCCCCCCCC,-3.26
CCCCCC,CCCCCCCCCOC(=O)C1=CC=CC=C1C(=O)OCCCCCCCCC,-3.23
CCCCC,CCCCCCCCCOC(=O)C1=CC=CC=C1C(=O)OCCCCCCCCC,-2.55
C(Cl)(Cl)(Cl)Cl,CCCCCCCCCOC(=O)C1=CC=CC=C1C(=O)OCCCCCCCCC,-3.85
CC(C)(C)Cl,CCC(CO)O,-2.76
O,C(CBr)Br,-1.98
C(=O)=O,COCCOC,-0.86
C1=CC=CC=C1,C(CN)N,-3.63
CCCCCC,C(CN)N,-1.85
[HH],C(CN)N,2.15
CC(C)C1=CC=CC=C1,C(CO)O,-3.54
CCCC=CC,C(CO)O,-1.25
C1CCC2=CC=CC=C2C1,C(CO)O,-4.97
CC1=CC=CC=C1C,C(CO)O,-3.65
CC1=CC(=CC(=C1)C)C,C(CO)O,-3.76
C=CC=C,C(CO)O,-1.35
CC1=CC(=CC=C1)C,C(CO)O,-3.42
CC1=CC=C(C=C1)C,C(CO)O,-3.4
C1COCCO1,C(CO)O,-4.29
CCCCCC=C,C(CO)O,-1.45
CCCCC=C,C(CO)O,-1.11
CCCCCCC=C,C(CO)O,-1.81
CC=C,C(CO)O,-0.45
CC#C,C(CO)O,-1.22
CC(C)CC(C)(C)C,C(CO)O,-1.05
CC(=C)C(=C)C,C(CO)O,-1.73
CC(=C)CC(C)(C)C,C(CO)O,-1.42
CCC(=O)C,C(CO)O,-3.45
CC(C)(C)Cl,C(CO)O,-1.8
CC(=C)C=C,C(CO)O,-1.12
CC=C(C)C,C(CO)O,-0.76
CC(C)C,C(CO)O,-0.19
C1=CC=CC=C1,C(CO)O,-2.76
C1=CC=C(C=C1)Br,C(CO)O,-4.42
CCCC,C(CO)O,-0.29
CCCCC1CCCCC1,C(CO)O,-2.38
C(=O)=O,C(CO)O,-0.17
C1=CC=C(C=C1)Cl,C(CO)O,-3.88
C1CCCCC1,C(CO)O,-1.5
C1CCC=CC1,C(CO)O,-2.0
CCCCCCCCCC,C(CO)O,-2.19
CC,C(CO)O,0.21
CCO,C(CO)O,-4.71
C=C,C(CO)O,0.5
CCC1=CC=CC=C1,C(CO)O,-3.36
CCC1CCCCC1,C(CO)O,-2.11
C1=CC=C(C=C1)F,C(CO)O,-2.91
CCCCCCC,C(CO)O,-1.22
[HH],C(CO)O,2.38
S,C(CO)O,-1.17
C1=CC=C(C=C1)I,C(CO)O,-5.28
C,C(CO)O,1.56
CC1=CC=CC=C1,C(CO)O,-3.02
CC1CCCCC1,C(CO)O,-1.58
C[N+](=O)[O-],C(CO)O,-4.07
CCCCCCCCC,C(CO)O,-2.03
CCCCC,C(CO)O,-0.34
CCCC1=CC=CC=C1,C(CO)O,-3.65
O=S=O,C(CO)O,-2.88
CC1=CC=CC=C1C,CC(CO)O,-4.31
CC1=CC(=CC=C1)C,CC(CO)O,-4.13
CC1=CC=C(C=C1)C,CC(CO)O,-4.14
CC(C)(C)Cl,CC(CO)O,-2.29
C1=CC=CC=C1,CC(CO)O,-3.21
C1=CC=C(C=C1)Cl,CC(CO)O,-4.36
CCC1=CC=CC=C1,CC(CO)O,-4.1
C1=CC=C(C=C1)F,CC(CO)O,-3.53
CCCCCCC,CC(CO)O,-2.33
CCCCCC,CC(CO)O,-1.94
CC1=CC=CC=C1,CC(CO)O,-3.58
CCCCCCCC,CC(CO)O,-2.84
CC(C)(C)Cl,CC(CCO)O,-2.14
C1COCCO1,CN1CCN(C1=O)C,-4.62
CCCCO,CN1CCN(C1=O)C,-6.08
CCCCC=C,CN1CCN(C1=O)C,-2.83
CCCO,CN1CCN(C1=O)C,-5.51
CCC(=O)C,CN1CCN(C1=O)C,-4.15
CC(C)CO,CN1CCN(C1=O)C,-5.9
CC(C)O,CN1CCN(C1=O)C,-5.1
CC(=O)C,CN1CCN(C1=O)C,-3.61
CC(C)CC(=O)C,CN1CCN(C1=O)C,-4.91
CCOC(=O)C,CN1CCN(C1=O)C,-3.98
CC(=O)OC,CN1CCN(C1=O)C,-3.55
C1CCCCC1,CN1CCN(C1=O)C,-3.07
C1CCCC1,CN1CCN(C1=O)C,-2.56
CCO,CN1CCN(C1=O)C,-4.92
CCCCCCC,CN1CCN(C1=O)C,-3.1
CCCCCC,CN1CCN(C1=O)C,-2.51
CO,CN1CCN(C1=O)C,-4.67
CCCCC,CN1CCN(C1=O)C,-1.88
[HH],C(CN)CN,2.05
C1=CC=CC=C1,C(CO)CO,-3.12
C1CCCCC1,C(CO)CO,-2.19
CCC1=CC=CC=C1,C(CO)CO,-3.91
CCC1CCCCC1,C(CO)CO,-2.9
CCCCCCC,C(CO)CO,-2.09
CCCCCC,C(CO)CO,-1.54
CC1=CC=CC=C1,C(CO)CO,-3.52
CC1CCCCC1,C(CO)CO,-2.39
CCCCCCCC,C(CO)CO,-2.59
C1=CC=CC=C1,C(CCO)CO,-3.36
C1CCCCC1,C(CCO)CO,-2.53
CCC1=CC=CC=C1,C(CCO)CO,-4.2
CCC1CCCCC1,C(CCO)CO,-3.26
CCCCCCC,C(CCO)CO,-2.45
CCCCCC,C(CCO)CO,-1.88
CC1=CC=CC=C1,C(CCO)CO,-3.79
CC1CCCCC1,C(CCO)CO,-2.77
CCCCCCCC,C(CCO)CO,-2.87
CCCCCl,C1COCCO1,-4.4
CCC(C)Cl,C1COCCO1,-4.08
CCI,C1COCCO1,-4.21
C1=CC=CC=C1,C(CCO)CCO,-3.33
C1CCCCC1,C(CCO)CCO,-2.61
CCC1=CC=CC=C1,C(CCO)CCO,-4.4
CCC1CCCCC1,C(CCO)CCO,-3.47
CCCCCCC,C(CCO)CCO,-2.53
CCCCCC,C(CCO)CCO,-2.03
CC1=CC=CC=C1,C(CCO)CCO,-3.84
CC1CCCCC1,C(CCO)CCO,-2.87
CCCCCCCC,C(CCO)CCO,-3.06
C(CCl)Cl,C1=CC=C2C(=C1)C=CC=C2Br,-4.18
C1C=CC=C1,C1=CC=C2C(=C1)C=CC=C2Br,-2.84
CCCCl,C1=CC=C2C(=C1)C=CC=C2Br,-3.29
CC(C)OC(C)C,C1=CC=C2C(=C1)C=CC=C2Br,-3.49
CC(C)(C)Cl,C1=CC=C2C(=C1)C=CC=C2Br,-3.15
CC(=C)C=C,C1=CC=C2C(=C1)C=CC=C2Br,-2.82
CC(=O)C,C1=CC=C2C(=C1)C=CC=C2Br,-3.32
CCOC(=O)C,C1=CC=C2C(=C1)C=CC=C2Br,-3.95
CC#N,C1=CC=C2C(=C1)C=CC=C2Br,-3.45
C1=CC=CC=C1,C1=CC=C2C(=C1)C=CC=C2Br,-4.1
CCBr,C1=CC=C2C(=C1)C=CC=C2Br,-3.23
C1CCCCC1,C1=CC=C2C(=C1)C=CC=C2Br,-3.66
CCCCCC,C1=CC=C2C(=C1)C=CC=C2Br,-3.07
CCI,C1=CC=C2C(=C1)C=CC=C2Br,-3.97
CI,C1=CC=C2C(=C1)C=CC=C2Br,-3.3
C(Cl)(Cl)(Cl)Cl,C1=CC=C2C(=C1)C=CC=C2Br,-3.92
C(Cl)(Cl)Cl,C1=CC=C2C(=C1)C=CC=C2Br,-3.79
CCCCCl,CCCBr,-4.49
CCI,CCCBr,-4.31
C1COCCO1,CCCCN,-4.93
CC(C)CCC(C)C,CCCCO,-4.1
CCCCC(=O)CC,CCCCO,-5.8
C(C(C(C(F)(F)F)(F)F)(F)F)(C(C(C(F)(F)F)(F)F)(F)F)(F)F,CCCCO,-1.29
CCCCCCCCC,CCCCO,-5.09
O,CCCCO,-4.5
CCCCOCC,CC(C)CCl,-4.73
CC(C)(C)OC,CC(C)CCl,-3.89
CCCCCC,CC(C)CCl,-3.94
C1CCOCC1,CC(C)CCl,-4.65
C1CCOC1,CC(C)CCl,-4.2
CCCCOCC,CCCCCl,-4.77
CC(C)OC(C)C,CCCCCl,-4.18
CC(C)(C)OC,CCCCCl,-3.91
C1CCOCC1,CCCCCl,-4.71
C1CCOC1,CCCCCl,-4.19
CC(=C)C=C,C1=CC=C2C(=C1)C=CC=C2Cl,-2.81 
CC=C(C)C,C1=CC=C2C(=C1)C=CC=C2Cl,-2.8
CCC(C)C,C1=CC=C2C(=C1)C=CC=C2Cl,-2.24
C1=CC=CC=C1,C1=CC=C2C(=C1)C=CC=C2Cl,-4.07
C1CCCCC1,C1=CC=C2C(=C1)C=CC=C2Cl,-3.88
CCCCCC,C1=CC=C2C(=C1)C=CC=C2Cl,-3.23
CCCCC,C1=CC=C2C(=C1)C=CC=C2Cl,-2.5
CCCCCCC,CCCCl,-4.81
C1CCOC1,CCCCl,-4.31
O,CCCCCCCCCCO,-3.98
CC(C)C(C)C(C)C,CCCCCCCCC=C,-4.84
CC(C)CC(C)C,CCCCCCCCC=C,-4.06
CC(C)CCC(C)C,CCCCCCCCC=C,-4.75
CCCC(C)C,CCCCCCCCC=C,-3.64
C(=O)=O,CCCCCCCCC=C,-0.35
C1CCCCC1,CCCCCCCCC=C,-4.12
CCC1CCCCC1,CCCCCCCCC=C,-5.3
CCCCCCC,CCCCCCCCC=C,-4.55
CCCCCC,CCCCCCCCC=C,-3.92
CCCCCCCCC,CCCCCCCCC=C,-5.89
CCCCCCCC,CCCCCCCCC=C,-5.23
CCCCC,CCCCCCCCC=C,-3.16
CC(C)C(C)C,CCCCCCCCCCCCO,-3.07
CC(C)CC(C)C,CCCCCCCCCCCCO,-3.49
C1=CC=CC=C1,CCCCCCCCCCCCO,-3.74
C1CCCCC1,CCCCCCCCCCCCO,-3.7
C(Cl)Cl,CCCCCCCCCCCCO,-2.91
CCCCCCC,CCCCCCCCCCCCO,-3.99
CCCCCC,CCCCCCCCCCCCO,-3.31
CCCCCCCC,CCCCCCCCCCCCO,-4.65
C(Cl)(Cl)Cl,CCCCCCCCCCCCO,-3.65
CCOCC,CCN1CCCC1=O,-2.77
CCCCCC=C,CCN1CCCC1=O,-3.73
CCCCC=C,CCN1CCCC1=O,-3.11
CCCCCCC=C,CCN1CCCC1=O,-4.36
CCCC=C,CCN1CCCC1=O,-2.46
CC(C)OC(C)C,CCN1CCCC1=O,-3.23
CCC(=O)C,CCN1CCCC1=O,-4.32
CCOC(C)(C)C,CCN1CCCC1=O,-3.42
CCC(C)(C)OC,CCN1CCCC1=O,-3.85
CC(C)(C)OC,CCN1CCCC1=O,-3.21
CCCC(=O)C,CCN1CCCC1=O,-4.86
CC(=O)C,CCN1CCCC1=O,-3.77
CC=O,CCN1CCCC1=O,-3.05
C1=CC=CC=C1,CCN1CCCC1=O,-4.5
C1CCCCC1,CCN1CCCC1=O,-3.39
C1CCC=CC1,CCN1CCCC1=O,-3.79
C(Cl)Cl,CCN1CCCC1=O,-4.29
CCCCCCC,CCN1CCCC1=O,-3.49
CCCCCC,CCN1CCCC1=O,-2.88
CC1=CC=CC=C1,CCN1CCCC1=O,-5.06
CCCCCCCC,CCN1CCCC1=O,-4.09
CCCCC,CCN1CCCC1=O,-2.25
C1CCOC1,CCN1CCCC1=O,-3.95
Cl,CCCCCCCCCCCCCCC=C,-0.82
CC(C)(C)Cl,CCCCCCO,-3.14
CC(C)C(C)C(C)C,CCCCC=C,-5.0
CC(C)CC(C)C,CCCCC=C,-4.22
CC(C)CCC(C)C,CCCCC=C,-4.95
CCCC(C)C,CCCCC=C,-3.84
CCCC=O,CCCCC=C,-3.65
C(=O)=O,CCCCC=C,-0.56
C1CCCCC1,CCCCC=C,-4.22
CCC1CCCCC1,CCCCC=C,-5.39
CCCCCCC,CCCCC=C,-4.71
CCCCCC,CCCCC=C,-4.02
C,CCCCC=C,0.14
N#N,CCCCC=C,0.95
CCCCCCCCC,CCCCC=C,-6.1
CCCCCCCC,CCCCC=C,-5.39
CCCCC,CCCCC=C,-3.34
CSC,CCCCC=C,-3.07
CC(=C)C=C,C1C=CC2=CC=CC=C21,-3.1
CC=C(C)C,C1C=CC2=CC=CC=C21,-3.05
CCC(C)C,C1C=CC2=CC=CC=C21,-2.54
C1=CC=CC=C1,C1C=CC2=CC=CC=C21,-4.39
C1CCCCC1,C1C=CC2=CC=CC=C21,-3.92
CCCCCC,C1C=CC2=CC=CC=C21,-3.49
CCCCC,C1C=CC2=CC=CC=C21,-2.75
CCCCO,CN1CCCC1=O,-6.26
CCCCC#C,CN1CCCC1=O,-4.11
CC#C,CN1CCCC1=O,-2.47
CC(=C)C(=C)C,CN1CCCC1=O,-3.55
CC(C)CO,CN1CCCC1=O,-6.03
CC(C)CC(=O)C,CN1CCCC1=O,-5.14
CCOC(=O)C,CN1CCCC1=O,-4.16
C1CCCCCC1,CN1CCCC1=O,-3.99
C1CCCCCCC1,CN1CCCC1=O,-4.77
O=S=O,CN1CCCC1=O,-3.11
CC(=C)C=C,CC1=CC=CC2=CC=CC=C12,-2.94
CC=C(C)C,CC1=CC=CC2=CC=CC=C12,-2.88
C1=CC=CC=C1,CC1=CC=CC2=CC=CC=C12,-4.17
C1CCCCC1,CC1=CC=CC2=CC=CC=C12,-3.8
CCCCCC,CC1=CC=CC2=CC=CC=C12,-3.36
CCCCC,CC1=CC=CC2=CC=CC=C12,-2.63
C=C,CN1CCCC1,-0.32
[HH],CN1CCCC1,1.38
CCO,CCCCCCCC=C,-2.34
C(C(F)(F)F)(C(F)(F)F)F,CCCCCCCCO,-1.12
C(C(F)(F)F)F,CCCCCCCCO,-0.89
C(C(Cl)Cl)(Cl)Cl,CCCCCCCCO,-5.84
C(=C(F)F)(C(F)(F)F)F,CCCCCCCCO,-0.32
C(C(F)(F)Cl)(F)(F)Cl,CCCCCCCCO,-1.61
CC(F)(F)Cl,CCCCCCCCO,-1.62
CC(C)C(C)C(C)C,CCCCCCCCO,-4.33
CC(C)CC(C)C,CCCCCCCCO,-3.57
CC(C)CCC(C)C,CCCCCCCCO,-4.21
C(C(F)(F)F)(F)Cl,CCCCCCCCO,-1.67
C(=C(F)F)Cl,CCCCCCCCO,-1.69
CCCC(C)C,CCCCCCCCO,-3.18
CC=O,CCCCCCCCO,-3.65
C(C(F)(F)Cl)(F)(F)F,CCCCCCCCO,-0.39
C(F)(F)(F)Cl,CCCCCCCCO,-0.06
C(F)F,CCCCCCCCO,-0.57
CCC1CCCCC1,CCCCCCCCO,-4.84
CCCCCC=O,CCCCCCCCO,-5.95
CCCCCCCCC,CCCCCCCCO,-5.29
CCCCCCCC=O,CCCCCCCCO,-7.26
C(C(F)(F)F)(F)F,CCCCCCCCO,-0.57
C(F)(F)F,CCCCCCCCO,-0.21
CC(C)C(C)C(C)C,CCCCCCC=C,-4.92
CC(C)CC(C)C,CCCCCCC=C,-4.16
CC(C)CCC(C)C,CCCCCCC=C,-4.85
CCCC(C)C,CCCCCCC=C,-3.73
C(=O)=O,CCCCCCC=C,-0.45
C1CCCCC1,CCCCCCC=C,-4.18
CCC1CCCCC1,CCCCCCC=C,-5.34
CCCCCCC,CCCCCCC=C,-4.63
CCCCCC,CCCCCCC=C,-3.93
[HH],CCCCCCC=C,1.36
C,CCCCCCC=C,0.23
N#N,CCCCCCC=C,1.17
CCCCCCCCC,CCCCCCC=C,-5.95
CCCCCCCC,CCCCCCC=C,-5.28
CCCCC,CCCCCCC=C,-3.24
CC(C)(C)Cl,CCCCCO,-3.23
CC(C)C(C)C(C)C,CC(=O)C1=CC=CC=C1,-3.96
CC(C)CC(C)C,CC(=O)C1=CC=CC=C1,-3.18
CC(C)CCC(C)C,CC(=O)C1=CC=CC=C1,-3.84
CC(=C)C=C,CC(=O)C1=CC=CC=C1,-2.93
CC=C(C)C,CC(=O)C1=CC=CC=C1,-2.79
CCCC(C)C,CC(=O)C1=CC=CC=C1,-2.84
C1=CC=CC=C1,CC(=O)C1=CC=CC=C1,-4.28
C1CCCCC1,CC(=O)C1=CC=CC=C1,-3.52
CCC1CCCCC1,CC(=O)C1=CC=CC=C1,-4.54
CCCCCCC,CC(=O)C1=CC=CC=C1,-3.69
CCCCCC,CC(=O)C1=CC=CC=C1,-3.04
CCI,CC(=O)C1=CC=CC=C1,-4.05
CCN(CC)CC,CC(=O)C1=CC=CC=C1,-3.93
CCCCCCCCC,CC(=O)C1=CC=CC=C1,-4.92
CCCCC,CC(=O)C1=CC=CC=C1,-2.43
[HH],CCCN,1.35
CC(Cl)(Cl)Cl,CCCO,-3.94
CC(C)CCC(C)C,CCCO,-4.07
C(C(C(C(F)(F)F)(F)F)(F)F)(C(C(C(F)(F)F)(F)F)(F)F)(F)F,CCCO,-1.24
C(C(C(C(F)(F)F)(F)F)(F)F)(C(C(F)(F)F)(F)F)(F)F,CCCO,-0.96
O,CCCO,-4.76
O,CCCOCC(C)O,-4.29
C(=O)=O,CCCCOCCOCCOCCO,-0.48
CC,CCCCOCCOCCOCCO,-0.23
C,CCCCOCCOCCOCCO,0.7
C(=O)=O,COCCOCCOCCO,-0.5
CC,C(COCCO)N,0.38
C(=O)=O,CCCCOCCOCCO,-0.23
C(=O)=O,CCOCCOCCO,-0.51
CCCC,COCCOCCO,-1.36
C(=O)=O,COCCOCCO,-0.7
S,COCCOCCO,-1.91
CCC,COCCOCCO,-0.77
O=S=O,COCCOCCO,-4.09
CC(C)C1=CC=CC=C1,C(COCCOCCO)O,-4.56
CCCC=CC,C(COCCOCCO)O,-2.02
C1CCC2=CC=CC=C2C1,C(COCCOCCO)O,-6.07
CC1=CC=CC=C1C,C(COCCOCCO)O,-4.61
CC1=CC(=CC=C1)C,C(COCCOCCO)O,-4.4
CC1=CC=C(C=C1)C,C(COCCOCCO)O,-4.37
C1COCCO1,C(COCCOCCO)O,-3.88
CCCCCCCCC=C,C(COCCOCCO)O,-3.58
CCCCCC=C,C(COCCOCCO)O,-2.27
CCCCC=C,C(COCCOCCO)O,-1.83
CCCCCCC=C,C(COCCOCCO)O,-2.78
CC(C)CC(C)(C)C,C(COCCOCCO)O,-1.88
CC(=C)C(=C)C,C(COCCOCCO)O,-2.49
CC(=C)CC(C)(C)C,C(COCCOCCO)O,-2.29
CCC(=O)C,C(COCCOCCO)O,-3.14
CC(C)(C)Cl,C(COCCOCCO)O,-2.49
C1=CC=CC=C1,C(COCCOCCO)O,-3.43
C1CCCCC1,C(COCCOCCO)O,-2.26
C1CCC=CC1,C(COCCOCCO)O,-2.73
CCCCCCCCCC,C(COCCOCCO)O,-3.33
CCCCCCCCCCCC,C(COCCOCCO)O,-4.27
CCO,C(COCCOCCO)O,-4.17
CCC1=CC=CC=C1,C(COCCOCCO)O,-4.31
CCC1CCCCC1,C(COCCOCCO)O,-3.01
CCCCCCC,C(COCCOCCO)O,-1.97
CCCCCC,C(COCCOCCO)O,-1.54
S,C(COCCOCCO)O,-1.32
CC1CCCCC1,C(COCCOCCO)O,-2.44
C[N+](=O)[O-],C(COCCOCCO)O,-4.01
CCCCCCCCC,C(COCCOCCO)O,-2.92
CCCC1=CC=CC=C1,C(COCCOCCO)O,-4.69
C,CN(CCO)CCO,1.18
CCCCCCCCC=C,C(COCCOCCOCCO)O,-3.78
CCCCCC=C,C(COCCOCCOCCO)O,-2.4
CCCCC=C,C(COCCOCCOCCO)O,-1.94
C1=CC=CC=C1,C(COCCOCCOCCO)O,-3.56
C1CCCCC1,C(COCCOCCOCCO)O,-2.34
CCCCCCCCCC,C(COCCOCCOCCO)O,-3.61
CCCCCCCCCCCC,C(COCCOCCOCCO)O,-4.58
CCS,C(COCCOCCOCCO)O,-2.7
CCC1=CC=CC=C1,C(COCCOCCOCCO)O,-4.38
CCCCCCC,C(COCCOCCOCCO)O,-2.13
CCCCCC,C(COCCOCCOCCO)O,-1.65
CC1=CC=CC=C1,C(COCCOCCOCCO)O,-3.99
CC1CCCCC1,C(COCCOCCOCCO)O,-2.55
CCCCCCCCC,C(COCCOCCOCCO)O,-3.13
CCCCCCCC,C(COCCOCCOCCO)O,-2.71
CCCC,CC(CC(C)(C)C)CC(C)(C)CC(C)(C)C,-2.97
CC,CC(CC(C)(C)C)CC(C)(C)CC(C)(C)C,-1.5
C,CC(CC(C)(C)C)CC(C)(C)CC(C)(C)C,-0.56
CCC,CC(CC(C)(C)C)CC(C)(C)CC(C)(C)C,-2.21
O,CC(C)CC(C)(C)C,-0.52
O,CC(C)CCC(C)(C)C,-0.49
CCCCCC,CCC(C)(C)C,-4.04
O,CCC(C)(C)C,-0.51
CC(C)C1=CC=CC=C1,C(COCCO)O,-4.43
CCCC=CC,C(COCCO)O,-1.92
C1CCC2=CC=CC=C2C1,C(COCCO)O,-5.9
CC1=CC=CC=C1C,C(COCCO)O,-4.48
CC1=CC(=CC(=C1)C)C,C(COCCO)O,-4.65
CC1=CC(=CC=C1)C,C(COCCO)O,-4.26
CC1=CC=C(C=C1)C,C(COCCO)O,-4.23
CCCCO,C(COCCO)O,-5.85
CCCCCCCCC=C,C(COCCO)O,-3.32
CCCCCC=C,C(COCCO)O,-2.1
CCCCC=C,C(COCCO)O,-1.73
CCCCCCC1=CC=CC2=CC=CC=C21,C(COCCO)O,-8.95
CC1=CC=CC2=CC=CC=C12,C(COCCO)O,-7.33
CCCCCCC=C,C(COCCO)O,-2.55
CCCC=C,C(COCCO)O,-1.23
CCCO,C(COCCO)O,-5.2
CC(C)CC(C)(C)C,C(COCCO)O,-1.78
CC(=C)C(=C)C,C(COCCO)O,-2.47
CC(=C)CC(C)(C)C,C(COCCO)O,-2.19
CC(C)(C)Cl,C(COCCO)O,-2.39
CC(C)CO,C(COCCO)O,-5.51
CC(C)O,C(COCCO)O,-4.77
CC(=O)C,C(COCCO)O,-3.32
CC(C)CC(=O)C,C(COCCO)O,-4.21
CCOC(=O)C,C(COCCO)O,-3.53
CC(=O)OC,C(COCCO)O,-3.32
C1=CC=CC=C1,C(COCCO)O,-3.38
CCCCC1=CC=CC=C1,C(COCCO)O,-4.81
CCCCC1CCCCC1,C(COCCO)O,-3.78
C(=O)=O,C(COCCO)O,-0.28
C1CCCCC1,C(COCCO)O,-2.16
C1CCC=CC1,C(COCCO)O,-2.63
CCCCCCCCCC,C(COCCO)O,-3.2
CCCCCCCCCCCC,C(COCCO)O,-4.02
CCCCCCCCCCCCC1=CC=CC=C1,C(COCCO)O,-7.69
CC,C(COCCO)O,0.47
CCO,C(COCCO)O,-4.56
CCC1=CC=CC=C1,C(COCCO)O,-4.15
CCC1CCCCC1,C(COCCO)O,-2.81
CCCCCCC,C(COCCO)O,-1.9
CCCCCCCCCCCCCCCC,C(COCCO)O,-5.77
CCCCCC,C(COCCO)O,-1.43
S,C(COCCO)O,-1.34
C,C(COCCO)O,1.25
CO,C(COCCO)O,-4.45
CC1CCCCC1,C(COCCO)O,-2.38
CC1CCCC1,C(COCCO)O,-1.85
CCCCCCCCC,C(COCCO)O,-2.76
CCCCCCCC,C(COCCO)O,-2.35
CCCCC,C(COCCO)O,-0.86
CCCC1=CC=CC=C1,C(COCCO)O,-4.55
CCCCCl,CC(C)OC(C)C,-4.21
CC(C)C(C)C(C)C,CC(C)OC(C)C,-4.9
CC(C)CC(C)C,CC(C)OC(C)C,-4.18
CC(C)CCC(C)C,CC(C)OC(C)C,-4.85
CC(C)(C)Cl,CC(C)OC(C)C,-3.53
CCC(C)Cl,CC(C)OC(C)C,-3.95
CCCC(C)C,CC(C)OC(C)C,-3.78
C1CCCCC1,CC(C)OC(C)C,-4.18
CCC1CCCCC1,CC(C)OC(C)C,-5.26
CCCCCCC,CC(C)OC(C)C,-4.63
C1(=C(C(=C(C(=C1F)F)F)F)F)F,CC(C)OC(C)C,-4.13
CCCCCC,CC(C)OC(C)C,-3.98
CCCCCCCCC,CC(C)OC(C)C,-5.88
CCCCC,CC(C)OC(C)C,-3.35
CC(C)CC(C)(C)C,C(CSCCO)O,-1.99
C1=CC=CC=C1,C(CSCCO)O,-3.18
C1CCCCC1,C(CSCCO)O,-2.07
CCCCCCC,C(CSCCO)O,-2.0
CCCCCC,C(CSCCO)O,-1.53
CC1=CC=CC=C1,C(CSCCO)O,-3.56
CC1CCCCC1,C(CSCCO)O,-2.29
CC1CCCC1,C(CSCCO)O,-1.86
O,CC(C)C(C)C(C)C,-0.49
CC(C)(C)Cl,CC(C(C)O)O,-2.37
O,CC(C)C(C)C,-0.56
CSC,CC(=C)CC(C)(C)C,-3.04
O,CC(C)CC(C)C,-0.51
CCC(C)(C)O,CC(=O)CC(=O)C,-5.07
CC(C)O,CC(=O)CC(=O)C,-4.41
CCCC,COCCOCCOCCOCCOC,-1.62
C(=O)=O,COCCOCCOCCOCCOC,-0.77
C(=O)=S,COCCOCCOCCOCCOC,-1.41
CC,COCCOCCOCCOCCOC,-0.38
CCCCCCC,COCCOCCOCCOCCOC,-3.41
CCCCCC,COCCOCCOCCOCCOC,-2.82
S,COCCOCCOCCOCCOC,-1.97
C,COCCOCCOCCOCCOC,0.72
CCCCCCCC,COCCOCCOCCOCCOC,-4.01
CCCCC,COCCOCCOCCOCCOC,-2.2
CCC,COCCOCCOCCOCCOC,-0.98
O=S=O,COCCOCCOCCOCCOC,-3.85
C=CC=C,COCCOCCOCCOC,-2.05
CC=C,COCCOCCOCCOC,-1.06
CC#C,COCCOCCOCCOC,-2.03
CC(C)C,COCCOCCOCCOC,-1.18
CCCC,COCCOCCOCCOC,-1.64
C(=O)=O,COCCOCCOCCOC,-0.7
C=C,COCCOCCOCCOC,-0.25
S,COCCOCCOCCOC,-1.84
C,COCCOCCOCCOC,0.7
CCC,COCCOCCOCCOC,-0.95
O=S=O,COCCOCCOCCOC,-3.89
C1COCCO1,CC(C)CCCC(C)CCCC(C)CCCCC(C)CCCC(C)CCCC(C)C,-3.8
CCCCO,CC(C)CCCC(C)CCCC(C)CCCCC(C)CCCC(C)CCCC(C)C,-3.28
CCCO,CC(C)CCCC(C)CCCC(C)CCCCC(C)CCCC(C)CCCC(C)C,-2.6
CCC(C)(C)C,CC(C)CCCC(C)CCCC(C)CCCCC(C)CCCC(C)CCCC(C)C,-3.0
CC(C)C(C)C(C)C,CC(C)CCCC(C)CCCC(C)CCCCC(C)CCCC(C)CCCC(C)C,-4.48
CC(C)CC(C)C,CC(C)CCCC(C)CCCC(C)CCCCC(C)CCCC(C)CCCC(C)C,-3.68
CC(C)CCC(C)C,CC(C)CCCC(C)CCCC(C)CCCCC(C)CCCC(C)CCCC(C)C,-4.35
CCC(=O)C,CC(C)CCCC(C)CCCC(C)CCCCC(C)CCCC(C)CCCC(C)C,-3.07
CCCCCC(=O)C,CC(C)CCCC(C)CCCC(C)CCCCC(C)CCCC(C)CCCC(C)C,-4.99
CC(C)CO,CC(C)CCCC(C)CCCC(C)CCCCC(C)CCCC(C)CCCC(C)C,-3.1
CCCC(C)C,CC(C)CCCC(C)CCCC(C)CCCCC(C)CCCC(C)CCCC(C)C,-3.28
CCCC(=O)C,CC(C)CCCC(C)CCCC(C)CCCCC(C)CCCC(C)CCCC(C)C,-3.72
CC(C)O,CC(C)CCCC(C)CCCC(C)CCCCC(C)CCCC(C)CCCC(C)C,-2.29
CC(=O)C,CC(C)CCCC(C)CCCC(C)CCCCC(C)CCCC(C)CCCC(C)C,-2.37
CC1=CC(=CC=C1)O,CC(C)CCCC(C)CCCC(C)CCCCC(C)CCCC(C)CCCC(C)C,-5.78
CCC(=O)CC,CC(C)CCCC(C)CCCC(C)CCCCC(C)CCCC(C)CCCC(C)C,-3.73
CC=O,CC(C)CCCC(C)CCCC(C)CCCCC(C)CCCC(C)CCCC(C)C,-2.26
CC(C)OC(=O)C,CC(C)CCCC(C)CCCC(C)CCCCC(C)CCCC(C)CCCC(C)C,-3.52
CCCCOC(=O)C,CC(C)CCCC(C)CCCC(C)CCCCC(C)CCCC(C)CCCC(C)C,-4.52
CCOC(=O)C,CC(C)CCCC(C)CCCC(C)CCCCC(C)CCCC(C)CCCC(C)C,-3.2
CC(=O)OC,CC(C)CCCC(C)CCCC(C)CCCCC(C)CCCC(C)CCCC(C)C,-2.53
CCCOC(=O)C,CC(C)CCCC(C)CCCC(C)CCCCC(C)CCCC(C)CCCC(C)C,-3.84
CC#N,CC(C)CCCC(C)CCCC(C)CCCCC(C)CCCC(C)CCCC(C)C,-1.87
C1=CC=CC=C1,CC(C)CCCC(C)CCCC(C)CCCCC(C)CCCC(C)CCCC(C)C,-3.69
CCCC=O,CC(C)CCCC(C)CCCC(C)CCCCC(C)CCCC(C)CCCC(C)C,-3.09
C1CCCCC1,CC(C)CCCC(C)CCCC(C)CCCCC(C)CCCC(C)CCCC(C)C,-3.87
C1CCCC1,CC(C)CCCC(C)CCCC(C)CCCCC(C)CCCC(C)CCCC(C)C,-3.23
CCO,CC(C)CCCC(C)CCCC(C)CCCCC(C)CCCC(C)CCCC(C)C,-2.01
CCC1CCCCC1,CC(C)CCCC(C)CCCC(C)CCCCC(C)CCCC(C)CCCC(C)C,-4.99
CCCCCCC,CC(C)CCCC(C)CCCC(C)CCCCC(C)CCCC(C)CCCC(C)C,-4.16
CCCCCC,CC(C)CCCC(C)CCCC(C)CCCCC(C)CCCC(C)CCCC(C)C,-3.47
CO,CC(C)CCCC(C)CCCC(C)CCCCC(C)CCCC(C)CCCC(C)C,-1.17
CC1=CC=CC=C1,CC(C)CCCC(C)CCCC(C)CCCCC(C)CCCC(C)CCCC(C)C,-4.43
CC1CCCCC1,CC(C)CCCC(C)CCCC(C)CCCCC(C)CCCC(C)CCCC(C)C,-4.3
C[N+](=O)[O-],CC(C)CCCC(C)CCCC(C)CCCCC(C)CCCC(C)CCCC(C)C,-2.56
CCCCCCCCC,CC(C)CCCC(C)CCCC(C)CCCCC(C)CCCC(C)CCCC(C)C,-5.5
CCCCCCCC,CC(C)CCCC(C)CCCC(C)CCCCC(C)CCCC(C)CCCC(C)C,-4.83
CCCCC,CC(C)CCCC(C)CCCC(C)CCCCC(C)CCCC(C)CCCC(C)C,-2.8
CCC=O,CC(C)CCCC(C)CCCC(C)CCCCC(C)CCCC(C)CCCC(C)C,-2.57
C(Cl)(Cl)(Cl)Cl,CC(C)CCCC(C)CCCC(C)CCCCC(C)CCCC(C)CCCC(C)C,-3.74
C1CCOC1,CC(C)CCCC(C)CCCC(C)CCCCC(C)CCCC(C)CCCC(C)C,-3.35
C1COCCO1,CC1=NC(=CC=C1)C,-4.91
CCC(=O)C,CC1=NC(=CC=C1)C,-4.37
CCO,CC1=NC(=CC=C1)C,-4.87
CC1=CC=CC=C1,CC1=NC(=CC=C1)C,-5.1
C[N+](=O)[O-],CC1=NC(=CC=C1)C,-4.67
CCCCCCCC,CC1=NC(=CC=C1)C,-4.92
CC1=CC=CC=C1C,C(CO)N,-4.08
CC1=CC(=CC=C1)C,C(CO)N,-3.85
CC1=CC=C(C=C1)C,C(CO)N,-3.84
CCCCCC=C,C(CO)N,-1.63
CCCCCC#C,C(CO)N,-2.8
CCCCC=C,C(CO)N,-1.17
CCCCC#C,C(CO)N,-2.4
CCCCCCC=C,C(CO)N,-2.07
CCCCCCC#C,C(CO)N,-3.17
C1=CC=CC=C1,C(CO)N,-3.09
C1CCCCCC1,C(CO)N,-2.41
C1CCCCC1,C(CO)N,-1.69
C1CCCCCCC1,C(CO)N,-3.0
C1CCCC1,C(CO)N,-1.24
CC,C(CO)N,0.66
CCCCCCC,C(CO)N,-1.34
CCCCCC,C(CO)N,-0.77
CC1=CC=CC=C1,C(CO)N,-3.5
CCCCCCCCC,C(CO)N,-2.24
CCCCCCCC,C(CO)N,-1.74
CCCCC,C(CO)N,-0.27
CC(=O)CC(=O)C,CCC(C)O,-5.05
C1CCC2=CC=CC=C2C1,CCC(=O)C,-7.43
CCCCC1=CC=CC=C1,CCC(=O)C,-6.73
CCCCC1CCCCC1,CCC(=O)C,-5.97
CCCCCCCCCCCCC1=CC=CC=C1,CCC(=O)C,-11.47
O,CCC(=O)C,-4.02
O,CCCCOCCO,-4.6
C1COCCO1,CC(C)(C)Cl,-4.78
CCCCCC,CC(C)(C)Cl,-4.0
C1COCCO1,CCC(C)Cl,-4.7
CCCCOCC,CCC(C)Cl,-4.73
CC(C)OC(C)C,CCC(C)Cl,-4.16
CC(C)(C)OC,CCC(C)Cl,-3.88
CCCCCC,CCC(C)Cl,-3.98
C1CCOCC1,CCC(C)Cl,-4.65
C1CCOC1,CCC(C)Cl,-4.16
C1=CC=CC=C1,C(CCl)O,-3.65
CCCCCC,C(CCl)O,-2.22
CCOCC,CCOC(C)(C)C,-3.23
C1CCCCC1,CCOC(C)(C)C,-4.17
CCCCCCC,CCOC(C)(C)C,-4.62
CCCCCC,CCOC(C)(C)C,-3.93
C1CCC2=CC=CC=C2C1,C1=COC(=C1)C=O,-7.02
CC1=CC=CC=C1C,C1=COC(=C1)C=O,-5.37
CCCCCC=C,C1=COC(=C1)C=O,-3.2
CCCCCC#C,C1=COC(=C1)C=O,-4.12
CCCCC=C,C1=COC(=C1)C=O,-2.62
CCCCC#C,C1=COC(=C1)C=O,-3.57
C1=CC=CC=C1,C1=COC(=C1)C=O,-4.04
CCCCC1=CC=CC=C1,C1=COC(=C1)C=O,-5.99
CCCCC1CCCCC1,C1=COC(=C1)C=O,-4.97
C1CCCCCC1,C1=COC(=C1)C=O,-3.85
C1CCCCC1,C1=COC(=C1)C=O,-3.01
C1CCCC1,C1=COC(=C1)C=O,-2.41
CCCCCCCCCCCCC1=CC=CC=C1,C1=COC(=C1)C=O,-10.38
CCC1=CC=CC=C1,C1=COC(=C1)C=O,-5.04
CCC1CCCCC1,C1=COC(=C1)C=O,-3.95
CCCCCCC,C1=COC(=C1)C=O,-2.96
CCCCCCCCCCCCCCCC,C1=COC(=C1)C=O,-7.93
CCCCCC,C1=COC(=C1)C=O,-2.37
CC1=CC=CC=C1,C1=COC(=C1)C=O,-4.56
CCCCC,C1=COC(=C1)C=O,-1.8
CCCCCC=C,C1=COC(=C1)CO,-3.1
CCCCCC#C,C1=COC(=C1)CO,-3.93
CCCCC=C,C1=COC(=C1)CO,-2.53
CCCCC#C,C1=COC(=C1)CO,-3.31
C1=CC=CC=C1,C1=COC(=C1)CO,-3.89
C1CCCCCC1,C1=COC(=C1)CO,-3.74
C1CCCCC1,C1=COC(=C1)CO,-2.94
C1CCCC1,C1=COC(=C1)CO,-2.39
CCCCCCC,C1=COC(=C1)CO,-2.87
CCCCCC,C1=COC(=C1)CO,-2.27
CCCCC,C1=COC(=C1)CO,-1.67
CC(C)C(C)C(C)C,CCCCCC(=O)C,-4.51
CC(C)CC(C)C,CCCCCC(=O)C,-3.75
CC(C)CCC(C)C,CCCCCC(=O)C,-4.4
CCCC(C)C,CCCCCC(=O)C,-3.35
C1CCCCC1,CCCCCC(=O)C,-3.86
CCC1CCCCC1,CCCCCC(=O)C,-4.96
CCCCCCC,CCCCCC(=O)C,-4.2
CCCCCC,CCCCCC(=O)C,-3.54
CCCCCCCCC,CCCCCC(=O)C,-5.45
CCCCCCCC,CCCCCC(=O)C,-4.83
CCCCC,CCCCCC(=O)C,-2.92
CC(C)CC(C)(C)C,C(CS)O,-2.36
C1=CC=CC=C1,C(CS)O,-3.62
C1CCCCC1,C(CS)O,-2.58
CCCCCCC,C(CS)O,-2.46
CCCCCC,C(CS)O,-1.9
CC1=CC=CC=C1,C(CS)O,-4.12
CC1CCCCC1,C(CS)O,-2.82
CC1CCCC1,C(CS)O,-2.33
CC(C)CCl,CC(C)(C)OC,-4.13
CCCCCl,CC(C)(C)OC,-4.3
CC(C)(C)Cl,CC(C)(C)OC,-3.7
CCC(C)Cl,CC(C)(C)OC,-4.08
C(=C(F)F)(C(F)(F)F)F,COCCO,3.88
CC1=CC=CC=C1C,COCCO,-5.25
CC1=CC(=CC=C1)C,COCCO,-5.09
CC1=CC=C(C=C1)C,COCCO,-5.06
CC1=CC=C(C=C1)C(C)C,COCCO,-5.72
CC(C)C(C)C(C)C,COCCO,-3.52
CC(C)CC(C)C,COCCO,-2.84
CC(C)CCC(C)C,COCCO,-3.43
CC(C)(C)Cl,COCCO,-3.3
CCCC(C)C,COCCO,-2.53
C=CC1CCC=CC1,COCCO,-4.42
C1=CC=CC=C1,COCCO,-4.02
C1=CC=C(C=C1)Br,COCCO,-5.73
C1=CC=C(C=C1)Cl,COCCO,-5.23
C1CCC=CC1,COCCO,-3.48
C1CCCCCCC1,COCCO,-4.52
CCCCCCCCCC,COCCO,-4.75
CCC1=CC=CC=C1,COCCO,-5.05
CCC1CCCCC1,COCCO,-4.06
C1=CC=C(C=C1)F,COCCO,-4.4
CCCCCCC,COCCO,-3.24
CC1CCCCC1,COCCO,-3.47
CC1CCCC1,COCCO,-2.99
CCCCCCCCC,COCCO,-4.28
CCCCC,COCCO,-2.16
CCCCCCCCCCC,COCCO,-5.15
O,CCC(C)C,-0.56
CC[N+](=O)[O-],CCCC(C)C,-4.09
O,CCCC(C)C,-0.55
O,CC(C)C,-0.64
CC(C)C(C)C(C)C,CC1=CC=CC=N1,-4.45
CC(C)CC(C)C,CC1=CC=CC=N1,-3.66
CC(C)CCC(C)C,CC1=CC=CC=N1,-4.33
CCCC(C)C,CC1=CC=CC=N1,-3.28
C1CCCCC1,CC1=CC=CC=N1,-3.91
CCC1CCCCC1,CC1=CC=CC=N1,-5.0
CCCCCCC,CC1=CC=CC=N1,-4.16
CCCCCC,CC1=CC=CC=N1,-3.5
C[N+](=O)[O-],CC1=CC=CC=N1,-4.88
CCCCCCCCC,CC1=CC=CC=N1,-5.45
CCCCC,CC1=CC=CC=N1,-2.82
CC(C)C(C)C(C)C,CCCC(=O)C,-4.49
CC(C)CC(C)C,CCCC(=O)C,-3.74
CC(C)CCC(C)C,CCCC(=O)C,-4.38
CCCC(C)C,CCCC(=O)C,-3.34
C1CCCCC1,CCCC(=O)C,-3.82
CCC1CCCCC1,CCCC(=O)C,-4.91
CCCCCCC,CCCC(=O)C,-4.17
CCCCCC,CCCC(=O)C,-3.52
CCCCCCCCC,CCCC(=O)C,-5.41
CCCCCCCC,CCCC(=O)C,-4.81
CCCCC,CCCC(=O)C,-2.89
[HH],CC(C)N,1.3
CCCCCCO,CC(C)O,-7.54
CCC(C)O,CC(C)O,-5.61
CC(C)CCO,CC(C)O,-6.51
C1CCC(CC1)O,CC(C)O,-7.35
CC(=O)OC=C,CC(=O)C,-4.46
O,CC(=O)C,-4.34
CC(C)CC(C)(C)C,C(COCCC#N)C#N,-1.86
CC(=O)C,C(COCCC#N)C#N,-3.86
C1CCCCC1,C(COCCC#N)C#N,-2.24
CCCCCCC,C(COCCC#N)C#N,-1.99
CCCCCC,C(COCCC#N)C#N,-0.89
O,CCCCC(=O)CC,-3.3
C1=CC=CC=C1,C(CO)C#N,-3.5
CCCCCC,C(CO)C#N,-1.84
CC(C)C(C)C(C)C,CC(C)CCO,-4.31
CC(C)CC(C)C,CC(C)CCO,-3.6
CC(C)CCC(C)C,CC(C)CCO,-4.21
CCCC(C)C,CC(C)CCO,-3.23
C1CCCCC1,CC(C)CCO,-3.77
CCC1CCCCC1,CC(C)CCO,-4.74
CCI,CC(C)CCO,-3.75
CCN(CC)CC,CC(C)CCO,-4.88
CCCCCCCCC,CC(C)CCO,-5.21
CCCCC,CC(C)CCO,-2.82
O,CCCC(C)CC,-0.47
O,CCC(C)CC,-0.59
CC(=C)C=C,CC1=CC(=CC=C1)O,-2.72
CC=C(C)C,CC1=CC(=CC=C1)O,-2.63
C1=CC=CC=C1,CC1=CC(=CC=C1)O,-4.0
C1CCCCC1,CC1=CC(=CC=C1)O,-3.42
CCCCCCC,CC1=CC(=CC=C1)O,-3.53
CCCCCC,CC1=CC(=CC=C1)O,-2.91
CCCCC,CC1=CC(=CC=C1)O,-2.28
FS(F)(F)(F)(F)F,CC1COC(=O)O1,0.98
C=CC=C,CC1COC(=O)O1,-1.97
C1COCCO1,CC1COC(=O)O1,-4.98
CC=C,CC1COC(=O)O1,-0.97
CC#C,CC1COC(=O)O1,-2.04
CC(C)C(C)C(C)C,CC1COC(=O)O1,-2.86
CC(C)CC(C)C,CC1COC(=O)O1,-2.21
CC(C)CCC(C)C,CC1COC(=O)O1,-2.64
CCC(=O)C,CC1COC(=O)O1,-4.35
CC(=C)C=C,CC1COC(=O)O1,-2.45
CC=C(C)C,CC1COC(=O)O1,-2.09
CCCC(C)C,CC1COC(=O)O1,-1.98
CC(C)C,CC1COC(=O)O1,-0.87
C1=CC=CC=C1,CC1COC(=O)O1,-3.88
CCCC,CC1COC(=O)O1,-1.19
C(=O)=O,CC1COC(=O)O1,-0.75
C(=O)=S,CC1COC(=O)O1,-1.15
C1CCCCC1,CC1COC(=O)O1,-2.65
CC,CC1COC(=O)O1,0.02
CCO,CC1COC(=O)O1,-4.2
C=C,CC1COC(=O)O1,-0.17
CCC1CCCCC1,CC1COC(=O)O1,-3.41
CCCCCCC,CC1COC(=O)O1,-2.54
CCCCCC,CC1COC(=O)O1,-2.04
[HH],CC1COC(=O)O1,2.04
S,CC1COC(=O)O1,-1.49
CCI,CC1COC(=O)O1,-3.71
C,CC1COC(=O)O1,0.82
CC1=CC=CC=C1,CC1COC(=O)O1,-4.43
CCN(CC)CC,CC1COC(=O)O1,-2.89
C[N+](=O)[O-],CC1COC(=O)O1,-5.38
CCCCCCCCC,CC1COC(=O)O1,-3.44
CCCCCCCC,CC1COC(=O)O1,-3.01
CCCCC,CC1COC(=O)O1,-1.59
CCC,CC1COC(=O)O1,-0.58
O=S=O,CC1COC(=O)O1,-3.16
CC=CC,C1COCCN1C=O,-1.45
C1COCCO1,C1COCCN1C=O,-4.73
CCCCO,C1COCCN1C=O,-5.52
CCC=C,C1COCCN1C=O,-1.28
CC(C)CO,C1COCCN1C=O,-5.3
CC(=C)C,C1COCCN1C=O,-1.36
CC(C)C,C1COCCN1C=O,-0.64
CCCC,C1COCCN1C=O,-0.91
C[N+](=O)[O-],C1COCCN1C=O,-5.28
CCCCCCCCC,C1COCCN1C=O,-3.47
CC(=O)C,CC=O,-4.07
CC1CO1,CC=O,-3.7
CC(C)C(C)C(C)C,CC(=O)O,-3.77
CC(C)CC(C)C,CC(=O)O,-3.06
CC(C)CCC(C)C,CC(=O)O,-3.59
CCCC(C)C,CC(=O)O,-2.72
C1=CC=CC=C1,CC(=O)O,-3.94
C1CCCCC1,CC(=O)O,-3.23
CCC1CCCCC1,CC(=O)O,-4.16
CCCCCCC,CC(=O)O,-3.43
CCCCCC,CC(=O)O,-2.89
CCCCCCCCC,CC(=O)O,-4.5
CCCCC,CC(=O)O,-2.36
CCCC=O,CCOC(=O)C,-4.33
[N]=O,CCOC(=O)C,0.55
CC(C)C(C)C(C)C,CCCCCCOC(=O)C,-4.59
CC(C)CC(C)C,CCCCCCOC(=O)C,-3.87
CC(C)CCC(C)C,CCCCCCOC(=O)C,-4.48
CCCC(C)C,CCCCCCOC(=O)C,-3.42
C1CCCCC1,CCCCCCOC(=O)C,-3.93
CCC1CCCCC1,CCCCCCOC(=O)C,-5.05
CCCCCCC,CCCCCCOC(=O)C,-4.27
CCCCCC,CCCCCCOC(=O)C,-3.61
CCCCCCCCC,CCCCCCOC(=O)C,-5.56
CCCCCCCC,CCCCCCOC(=O)C,-4.92
CCCCC,CCCCCCOC(=O)C,-2.96
C=CC=C,CC(=O)OC,-2.26
CCC=C,CC(=O)OC,-2.21
CCCC,CC(=O)OC,-1.95
C(CCl)Cl,CC(=O)OCC1=CC=CC=C1,-4.59
C1C=CC=C1,CC(=O)OCC1=CC=CC=C1,-2.92
CCCCl,CC(=O)OCC1=CC=CC=C1,-3.4
CC(C)OC(C)C,CC(=O)OCC1=CC=CC=C1,-3.49
CC(C)(C)Cl,CC(=O)OCC1=CC=CC=C1,-3.28
CC(=C)C=C,CC(=O)OCC1=CC=CC=C1,-2.93
CC(=O)C,CC(=O)OCC1=CC=CC=C1,-3.69
CCOC(=O)C,CC(=O)OCC1=CC=CC=C1,-4.29
CC#N,CC(=O)OCC1=CC=CC=C1,-4.08
C1=CC=CC=C1,CC(=O)OCC1=CC=CC=C1,-4.26
CCBr,CC(=O)OCC1=CC=CC=C1,-3.32
C1CCCCC1,CC(=O)OCC1=CC=CC=C1,-3.53
CCCCCC,CC(=O)OCC1=CC=CC=C1,-3.02
CCI,CC(=O)OCC1=CC=CC=C1,-3.91
CI,CC(=O)OCC1=CC=CC=C1,-3.34
C(Cl)(Cl)(Cl)Cl,CC(=O)OCC1=CC=CC=C1,-3.97
C(Cl)(Cl)Cl,CC(=O)OCC1=CC=CC=C1,-4.25
CC(C)(C)C1=CC=CC=C1,CC#N,-5.86
CC(C)C1=CC=CC=C1,CC#N,-5.53
FS(F)(F)(F)(F)F,CC#N,0.25
CC1=CC=CC=C1C,CC#N,-5.37
C=CC=C,CC#N,-2.15
CC1=CC(=CC=C1)C,CC#N,-5.18
CC1=CC=C(C=C1)C,CC#N,-5.16
CCCCO,CC#N,-5.39
CCC=C,CC#N,-1.86
CCCCCC=C,CC#N,-3.44
CCCCCCO,CC#N,-6.44
CCCCC=C,CC#N,-2.96
CCCCCCC=C,CC#N,-3.98
CCCCCO,CC#N,-5.85
CCCC=C,CC#N,-2.5
CCCO,CC#N,-4.84
CC(C)CC(C)(C)C,CC#N,-3.11
CCC(C)(C)C,CC#N,-2.32
CCCC(C)(C)C,CC#N,-2.7
CC(C)C(C)C(C)C,CC#N,-3.46
CC(C)C(C)C,CC#N,-2.4
CCC(C)C(C)C,CC#N,-3.2
CC(C)CC(C)C,CC#N,-2.78
CC(C)CCC(C)C,CC#N,-3.31
CCC(C)O,CC#N,-4.82
CCC(C)C,CC#N,-1.9
CCCCC(C)C,CC#N,-2.99
CCCC(C)C,CC#N,-2.5
CC(C)O,CC#N,-4.42
CC(=O)C,CC#N,-4.32
CCC(CC)CC,CC#N,-3.02
CC(C)CCO,CC#N,-5.58
CCC(C)C=C,CC#N,-2.7
CCC(C)CC,CC#N,-2.58
C1=CC=CC=C1,CC#N,-4.25
CCCC,CC#N,-1.49
CCCCC1=CC=CC=C1,CC#N,-6.1
C1CCCCC1,CC#N,-3.03
C1CCC(CC1)O,CC#N,-6.37
C1CCC=CC1,CC#N,-3.43
C1CCCC1,CC#N,-2.52
C(Cl)Cl,CC#N,-3.99
C=C,CC#N,-0.62
CCC1=CC=CC=C1,CC#N,-5.19
CCC1CCCCC1,CC#N,-3.87
CCCCCCC,CC#N,-3.18
CCCCCC,CC#N,-2.63
[HH],CC#N,1.45
CCI,CC#N,-3.81
CO,CC#N,-4.03
CC1CCCCC1,CC#N,-3.28
CC1CCCC1,CC#N,-2.8
CCN(CC)CC,CC#N,-3.66
[N]=O,CC#N,0.63
CCCCCCCCC,CC#N,-4.12
CCCCC,CC#N,-2.15
CCCC1=CC=CC=C1,CC#N,-5.61
O=S=O,CC#N,-3.25
C(Cl)(Cl)(Cl)Cl,CC#N,-3.66
C(Cl)(Cl)Cl,CC#N,-4.31
C=CC=C,C1=CC=C(C=C1)N,-2.06
CCCCCC=C,C1=CC=C(C=C1)N,-3.24
CCCCC=C,C1=CC=C(C=C1)N,-2.68
CCCCCCC=C,C1=CC=C(C=C1)N,-3.82
CC=C,C1=CC=C(C=C1)N,-1.08
CC#C,C1=CC=C(C=C1)N,-2.01
CC(C)C(C)C(C)C,C1=CC=C(C=C1)N,-3.27
CC(C)CC(C)C,C1=CC=C(C=C1)N,-2.55
CC(C)CCC(C)C,C1=CC=C(C=C1)N,-3.11
CC(=C)C=C,C1=CC=C(C=C1)N,-2.56
CC=C(C)C,C1=CC=C(C=C1)N,-2.3
CCCC(C)C,C1=CC=C(C=C1)N,-2.28
CC(C)C,C1=CC=C(C=C1)N,-1.07
C1=CC=CC=C1,C1=CC=C(C=C1)N,-4.07
CCCC,C1=CC=C(C=C1)N,-1.4
C(=O)=O,C1=CC=C(C=C1)N,-0.44
C1CCCCC1,C1=CC=C(C=C1)N,-3.07
CC,C1=CC=C(C=C1)N,-0.22
C=C,C1=CC=C(C=C1)N,-0.15
CCC1CCCCC1,C1=CC=C(C=C1)N,-3.93
CCCCCCC,C1=CC=C(C=C1)N,-2.99
CCCCCC,C1=CC=C(C=C1)N,-2.36
S,C1=CC=C(C=C1)N,-1.7
C,C1=CC=C(C=C1)N,1.05
CC1CCCCC1,C1=CC=C(C=C1)N,-3.29
CCCCCCCCC,C1=CC=C(C=C1)N,-4.09
CCCCC,C1=CC=C(C=C1)N,-1.89
CCC,C1=CC=C(C=C1)N,-0.79
C(CCl)Cl,C1=CC=CC=C1,-4.68
CC1=CC(=CC=C1)C,C1=CC=CC=C1,-5.99
CN1CCCC1=O,C1=CC=CC=C1,-6.83
CC=C,C1=CC=CC=C1,-1.64
CC(C)C(C)C(C)C,C1=CC=CC=C1,-4.83
CC(C)CC(C)C,C1=CC=CC=C1,-4.03
CC(C)CCC(C)C,C1=CC=CC=C1,-4.76
CC(C)(C)Cl,C1=CC=CC=C1,-3.93
CC(=C)C,C1=CC=CC=C1,-2.32
CCCC(C)C,C1=CC=CC=C1,-3.61
CC(C)C,C1=CC=CC=C1,-2.08
CC(C)[N+](=O)[O-],C1=CC=CC=C1,-5.07
C(Cl)Br,C1=CC=CC=C1,-4.32
CCCC,C1=CC=CC=C1,-2.39
C(=O)=O,C1=CC=CC=C1,-0.58
C(=S)=S,C1=CC=CC=C1,-3.6
COC(=O)OC,C1=CC=CC=C1,-4.66
C1CCC=CC1,C1=CC=CC=C1,-4.47
CC,C1=CC=CC=C1,-0.84
C=C,C1=CC=CC=C1,-0.66
CCC1CCCCC1,C1=CC=CC=C1,-5.35
CCCCCCC,C1=CC=CC=C1,-4.55
[HH],C1=CC=CC=C1,1.58
CCI,C1=CC=CC=C1,-4.32
CCN(CC)CC,C1=CC=CC=C1,-4.6
CC(=O)N(C)C,C1=CC=CC=C1,-6.41
CN(C)C=O,C1=CC=CC=C1,-6.19
N#N,C1=CC=CC=C1,1.24
CCCCCCCCC,C1=CC=CC=C1,-5.89
CCC,C1=CC=CC=C1,-1.61
C1=CSC=C1,C1=CC=CC=C1,-4.65
CC(=C)C=C,C1=CC=C(C=C1)CC#N,-2.7
CC=C(C)C,C1=CC=C(C=C1)CC#N,-2.48
CCC(C)C,C1=CC=C(C=C1)CC#N,-1.78
C1=CC=CC=C1,C1=CC=C(C=C1)CC#N,-4.13
C1CCCCC1,C1=CC=C(C=C1)CC#N,-3.16
CCCCCC,C1=CC=C(C=C1)CC#N,-2.62
CCCCC,C1=CC=C(C=C1)CC#N,-1.99
C1=CC=CC=C1,C1=CC=C(C=C1)CCO,-3.96
C1CCCCC1,C1=CC=C(C=C1)CCO,-3.32
CCCCCCC,C1=CC=C(C=C1)CCO,-3.37
CCCCCC,C1=CC=C(C=C1)CCO,-2.75
CCCCC,C1=CC=C(C=C1)CCO,-2.12
CC(=C)C=C,C1=CC=C(C=C1)CN,-2.85
CC=C(C)C,C1=CC=C(C=C1)CN,-2.67
C1=CC=CC=C1,C1=CC=C(C=C1)CN,-4.23
C1CCCCC1,C1=CC=C(C=C1)CN,-3.46
CCCCCC,C1=CC=C(C=C1)CN,-2.92
C=CC=C,C1=CC=C(C=C1)CO,-1.95
CC=C,C1=CC=C(C=C1)CO,-1.09
CC#C,C1=CC=C(C=C1)CO,-1.77
CC(C)C(C)C(C)C,C1=CC=C(C=C1)CO,-3.52
CC(C)CC(C)C,C1=CC=C(C=C1)CO,-2.76
CC(C)CCC(C)C,C1=CC=C(C=C1)CO,-3.33
CC(=C)C=C,C1=CC=C(C=C1)CO,-2.56
CC=C(C)C,C1=CC=C(C=C1)CO,-2.44
CCCC(C)C,C1=CC=C(C=C1)CO,-2.47
CC(C)C,C1=CC=C(C=C1)CO,-1.16
C1=CC=CC=C1,C1=CC=C(C=C1)CO,-3.94
CCCC,C1=CC=C(C=C1)CO,-1.51
C(=O)=O,C1=CC=C(C=C1)CO,-0.36
C1CCCCC1,C1=CC=C(C=C1)CO,-3.23
C1CCCC1,C1=CC=C(C=C1)CO,-2.7
CC,C1=CC=C(C=C1)CO,-0.28
C=C,C1=CC=C(C=C1)CO,-0.23
CCC1CCCCC1,C1=CC=C(C=C1)CO,-4.14
CCCCCCC,C1=CC=C(C=C1)CO,-3.24
CCCCCC,C1=CC=C(C=C1)CO,-2.66
S,C1=CC=C(C=C1)CO,-1.35
C,C1=CC=C(C=C1)CO,0.87
CC1CCCC1,C1=CC=C(C=C1)CO,-3.01
CCCCCCCCC,C1=CC=C(C=C1)CO,-4.36
CCCCC,C1=CC=C(C=C1)CO,-2.06
CCC,C1=CC=C(C=C1)CO,-0.84
O=S=O,C1=CC=C(C=C1)CO,-2.8
CCI,CCOC(=O)C1=CC=CC=C1,-3.99
CCN(CC)CC,CCOC(=O)C1=CC=CC=C1,-4.06
CCCCCC=C,C1=CC=C(C=C1)C#N,-3.92
CC(=C)C,C1=CC=C(C=C1)C#N,-1.97
CCC(C)C,C1=CC=C(C=C1)C#N,-2.21
C1CCCC1,C1=CC=C(C=C1)C#N,-3.0
CC(C)C(C)C(C)C,C1=CC=C(C=C1)Br,-4.64
CC(C)CC(C)C,C1=CC=C(C=C1)Br,-3.81
CC(C)CCC(C)C,C1=CC=C(C=C1)Br,-4.53
CCCC(C)C,C1=CC=C(C=C1)Br,-3.41
C1CCCCC1,C1=CC=C(C=C1)Br,-4.07
CCC1CCCCC1,C1=CC=C(C=C1)Br,-5.2
CCCCCCC,C1=CC=C(C=C1)Br,-4.35
CCCCCC,C1=CC=C(C=C1)Br,-3.65
CCCCCCCCC,C1=CC=C(C=C1)Br,-5.75
CCCCC,C1=CC=C(C=C1)Br,-2.95
C1=CC=CC=C1,C(Cl)Br,-4.74
CC(C)C(C)C(C)C,CCBr,-5.01
CC(C)CC(C)C,CCBr,-4.27
CC(C)CCC(C)C,CCBr,-4.97
CCCC(C)C,CCBr,-3.88
C1CCCCC1,CCBr,-4.31
CCC1CCCCC1,CCBr,-5.53
CCCCCCC,CCBr,-4.71
CCCCCC,CCBr,-4.08
CCCCCCCCC,CCBr,-5.96
CCCCC,CCBr,-3.45
CCOC(=O)C,CCCC=O,-4.49
Br,CCCC,-1.23
C1COCCO1,CCCC#N,-5.03
CCCCCC=C,CCCC#N,-3.78
CCCCC=C,CCCC#N,-3.2
CCCCCCC=C,CCCC#N,-4.42
CCCC=C,CCCC#N,-2.56
CC(C)C(C)C(C)C,CCCC#N,-4.14
CC(C)CC(C)C,CCCC#N,-3.41
CC(C)CCC(C)C,CCCC#N,-4.0
CCC(=O)C,CCCC#N,-4.62
CCCC(C)C,CCCC#N,-3.05
C1=CC=CC=C1,CCCC#N,-4.29
C1CCCCC1,CCCC#N,-3.45
C1CCCC1,CCCC#N,-2.86
CCO,CCCC#N,-4.1
CCC1=CC=CC=C1,CCCC#N,-5.6
CCC1CCCCC1,CCCC#N,-4.46
CCCCCCC,CCCC#N,-3.69
CCCCCC,CCCC#N,-3.07
CC1=CC=CC=C1,CCCC#N,-5.01
CC1CCCCC1,CCCC#N,-3.63
C[N+](=O)[O-],CCCC#N,-5.07
CCCCCCCCC,CCCC#N,-5.01
CCCCCCCC,CCCC#N,-4.33
CCCCC,CCCC#N,-2.48
CC(C)C(C)C(C)C,CCCC(=O)OCC,-4.61
CC(C)CC(C)C,CCCC(=O)OCC,-3.87
CC(C)CCC(C)C,CCCC(=O)OCC,-4.52
CCCC(C)C,CCCC(=O)OCC,-3.46
C1CCCCC1,CCCC(=O)OCC,-3.93
CCC1CCCCC1,CCCC(=O)OCC,-5.04
CCCCCCC,CCCC(=O)OCC,-4.35
CCCCCC,CCCC(=O)OCC,-3.64
CCCCCCCCC,CCCC(=O)OCC,-5.57
CCCCCCCC,CCCC(=O)OCC,-4.94
CCCCC,CCCC(=O)OCC,-3.0
CC(C)C(C)C(C)C,C(=S)=S,-5.06
CC(C)CC(C)C,C(=S)=S,-4.19
CC(C)CCC(C)C,C(=S)=S,-4.94
CCCC(C)C,C(=S)=S,-3.82
C1=CC=CC=C1,C(=S)=S,-4.51
C1CCCCC1,C(=S)=S,-4.49
C1CCCC1,C(=S)=S,-3.84
COCOC,C(=S)=S,-3.28
CCC1CCCCC1,C(=S)=S,-5.65
CCCCCCC,C(=S)=S,-4.76
C(C(C(C(F)(F)F)(F)F)(F)F)(C(C(C(F)(F)F)(F)F)(F)F)(F)F,C(=S)=S,-0.45
CCCCCC,C(=S)=S,-4.03
CCCCCCCCC,C(=S)=S,-6.17
CCCCC,C(=S)=S,-3.29
C(Cl)(Cl)(Cl)Cl,C(=S)=S,-4.52
C(Cl)(Cl)Cl,C(=S)=S,-4.15
O,C(=S)=S,-1.01
[2H]O[2H],C(=S)=S,-0.75
C(CCl)Cl,COC(=O)OC,-4.73
CC(C)(C)OC,COC(=O)OC,-3.52
C1=CC=CC=C1,COC(=O)OC,-4.41
CCC1CO1,COC(=O)OC,-4.11
B(Cl)(Cl)Cl,C(=O)(Cl)Cl,-3.09
CCI,C1CCC(CC1)Cl,-4.19
CCN(CC)CC,C1CCC(CC1)Cl,-4.29
C=CC=C,C1CCC2CCCCC2C1,-2.17
CC=C,C1CCC2CCCCC2C1,-1.43
CC#C,C1CCC2CCCCC2C1,-1.49
CC(C)C,C1CCC2CCCCC2C1,-2.0
CCCC,C1CCC2CCCCC2C1,-2.25
C(=O)=O,C1CCC2CCCCC2C1,-0.22
CC,C1CCC2CCCCC2C1,-0.75
C=C,C1CCC2CCCCC2C1,-0.46
S,C1CCC2CCCCC2C1,-0.99
C,C1CCC2CCCCC2C1,0.47
CCC,C1CCC2CCCCC2C1,-1.52
O=S=O,C1CCC2CCCCC2C1,-1.26
C(=O)=O,COC(=O)CC#N,-0.67
S,COC(=O)CC#N,-1.35
O=S=O,COC(=O)CC#N,-2.82
CCC=C,C1CCCCC1,-2.47
CN1CCCC1=O,C1CCCCC1,-5.73
CC(C)C(C)C(C)C,C1CCCCC1,-5.1
CC(C)CC(C)C,C1CCCCC1,-4.32
CC(=O)CC(=O)C,C1CCCCC1,-4.89
CC(C)CCC(C)C,C1CCCCC1,-5.02
CC(C)(C)Cl,C1CCCCC1,-3.64
CCOC(C)(C)C,C1CCCCC1,-4.12
CC(C)CO,C1CCCCC1,-3.98
CCCC(C)C,C1CCCCC1,-3.86
C(Cl)Br,C1CCCCC1,-3.69
C(=O)=O,C1CCCCC1,-0.32
COC(=O)OC,C1CCCCC1,-3.6
C1CCC(CC1)N,C1CCCCC1,-5.47
CCC1CCCCC1,C1CCCCC1,-5.59
CCCCCCC,C1CCCCC1,-4.83
C1CCCNCC1,C1CCCCC1,-5.66
CCCCCC,C1CCCCC1,-4.06
CC(=O)N(C)C,C1CCCCC1,-4.97
N#N,C1CCCCC1,1.05
CNC1CCCCC1,C1CCCCC1,-6.05
CNC=O,C1CCCCC1,-3.86
CCCCCCCCC,C1CCCCC1,-6.23
O=O,C1CCCCC1,0.75
C1CCNC1,C1CCCCC1,-4.19
O=S=O,C1CCCCC1,-1.23
[2H]O[2H],C1CCCCC1,-0.54
CC(C)C,C1CCC(CC1)O,-1.55
C1=CC=CC=C1,C1CCC(CC1)O,-3.85
CCCC,C1CCC(CC1)O,-1.8
C1CCCCC1,C1CCC(CC1)O,-3.69
C1CCCC1,C1CCC(CC1)O,-3.02
CCCCCC,C1CCC(CC1)O,-3.1
CC1CCCC1,C1CCC(CC1)O,-3.44
CCCCC,C1CCC(CC1)O,-2.46
CCC,C1CCC(CC1)O,-1.1
C1=CC=CC=C1,C1CCC=CC1,-4.37
C1CC=CC=C1,C1CCC(CC1)C2=CC=CC=C2,-4.19
C1C=CCC=C1,C1CCC(CC1)C2=CC=CC=C2,-4.49
CCCCCC=C,C1CCC(CC1)C2=CC=CC=C2,-4.31
CCCCCC#C,C1CCC(CC1)C2=CC=CC=C2,-4.56
CCCCC=C,C1CCC(CC1)C2=CC=CC=C2,-3.63
CCCCC#C,C1CCC(CC1)C2=CC=CC=C2,-3.88
C1=CC=CC=C1,C1CCC(CC1)C2=CC=CC=C2,-4.19
C1CCCCC1,C1CCC(CC1)C2=CC=CC=C2,-4.03
C1CCC=CC1,C1CCC(CC1)C2=CC=CC=C2,-4.19
CCCCCCC,C1CCC(CC1)C2=CC=CC=C2,-4.33
CCCCCC,C1CCC(CC1)C2=CC=CC=C2,-3.62
C(=S)=S,C1CCCC1,-3.57
C(=C(Cl)Cl)(Cl)Cl,C1CCCC1,-5.37
C(Cl)(Cl)(Cl)Cl,C1CCCC1,-4.4
C(Cl)(Cl)Cl,C1CCCC1,-3.87
FS(F)(F)(F)(F)F,C1CCC(=O)C1,0.49
C(=O)=O,C1CCC(=O)C1,-0.89
[2H][2H],C1CCC(=O)C1,1.7
CC,C1CCC(=O)C1,-0.54
C=C,C1CCC(=O)C1,-0.6
[HH],C1CCC(=O)C1,1.72
C,C1CCC(=O)C1,0.54
N#N,C1CCC(=O)C1,1.41
O=O,C1CCC(=O)C1,1.1
C(F)(F)(F)F,C1CCC(=O)C1,1.36
Br,CCCCCCCCCC,-1.09
CC(=C)C=C,C(C(=O)O)(Cl)Cl,-2.77
CC=C(C)C,C(C(=O)O)(Cl)Cl,-2.63
C1=CC=CC=C1,C(C(=O)O)(Cl)Cl,-4.09
C1CCCCC1,C(C(=O)O)(Cl)Cl,-3.29
CCCCCCC,C(C(=O)O)(Cl)Cl,-3.36
CCCCCC,C(C(=O)O)(Cl)Cl,-2.74
CCCCC,C(C(=O)O)(Cl)Cl,-2.12
C=CC=C,C(Cl)Cl,-2.83
CCI,C(Cl)Cl,-4.12
CI,C(Cl)Cl,-3.83
CCN(CC)CC,C(Cl)Cl,-4.98
C1COCCO1,C1CC(=O)OC1,-5.07
CCCCCC=C,C1CC(=O)OC1,-3.0
CCCCC=C,C1CC(=O)OC1,-2.49
CCCCCCC=C,C1CC(=O)OC1,-3.53
CCCC=C,C1CC(=O)OC1,-1.95
CC(C)C(C)C(C)C,C1CC(=O)OC1,-3.01
CC(C)CC(C)C,C1CC(=O)OC1,-2.36
CC(C)CCC(C)C,C1CC(=O)OC1,-2.85
CCC(=O)C,C1CC(=O)OC1,-4.47
CCCC(C)C,C1CC(=O)OC1,-2.1
C1=CC=CC=C1,C1CC(=O)OC1,-4.16
C1CCCCC1,C1CC(=O)OC1,-2.81
CCO,C1CC(=O)OC1,-4.44
CCC1CCCCC1,C1CC(=O)OC1,-3.62
CCCCCCC,C1CC(=O)OC1,-2.72
CCCCCC,C1CC(=O)OC1,-2.22
CC1=CC=CC=C1,C1CC(=O)OC1,-4.72
CC1CCCCC1,C1CC(=O)OC1,-3.0
C[N+](=O)[O-],C1CC(=O)OC1,-5.44
CCCCCCCCC,C1CC(=O)OC1,-3.71
CCCCCCCC,C1CC(=O)OC1,-3.22
CCCCC,C1CC(=O)OC1,-1.72
C1COCCO1,C(I)I,-4.89
CC(C)C(C)C(C)C,C(I)I,-2.94
CC(C)CC(C)C,C(I)I,-2.14
CC(C)CCC(C)C,C(I)I,-2.71
CCC(=O)C,C(I)I,-3.83
CCCC(C)C,C(I)I,-1.94
C1CCCCC1,C(I)I,-3.06
CCO,C(I)I,-2.83
CCC1CCCCC1,C(I)I,-3.85
CCCCCCC,C(I)I,-2.72
CCCCCC,C(I)I,-2.2
CC1=CC=CC=C1,C(I)I,-4.53
C[N+](=O)[O-],C(I)I,-3.76
CCCCCCCCC,C(I)I,-3.73
CCCCCCCC,C(I)I,-3.3
CCCCC,C(I)I,-1.67
C(Cl)(Cl)Cl,COCOC,-4.27
FS(F)(F)(F)(F)F,CCCCCCCCCCCC,0.06
CC(C)C(C)C(C)C,CCCCCCCCCCCC,-4.74
CC(C)CC(C)C,CCCCCCCCCCCC,-3.94
CC(C)CCC(C)C,CCCCCCCCCCCC,-4.63
CCCC(C)C,CCCCCCCCCCCC,-3.52
C1=CC=CC=C1,CCCCCCCCCCCC,-3.85
CCCC,CCCCCCCCCCCC,-2.32
C1CCCCC1,CCCCCCCCCCCC,-4.03
C1CCCC1,CCCCCCCCCCCC,-3.37
CC,CCCCCCCCCCCC,-0.84
CCC1CCCCC1,CCCCCCCCCCCC,-5.21
CCCCCCC,CCCCCCCCCCCC,-4.43
CCCCCC,CCCCCCCCCCCC,-3.73
C,CCCCCCCCCCCC,0.32
N#N,CCCCCCCCCCCC,1.16
CCCCCCCCC,CCCCCCCCCCCC,-5.79
CCCCCCCC,CCCCCCCCCCCC,-5.11
O=O,CCCCCCCCCCCC,0.83
CCCCC,CCCCCCCCCCCC,-3.05
CCC,CCCCCCCCCCCC,-1.54
C(F)(F)(F)F,CCCCCCCCCCCC,0.97
O,CCCCCCCCCCCC,-0.44
[HH],CCN,1.24
C1=CC=C(C=C1)CCl,CCO,-6.22
CCOCC,CCO,-3.26
C1CCC2=CC=CC=C2C1,CCO,-6.29
C(CCl)Cl,CCO,-4.03
CC1=CC=CC2=CC=CC=C12,CCO,-7.47
CC(C)CC(C)(C)C,CCO,-3.84
CC(=O)CC(=O)C,CCO,-5.43
CC(C)CCC(C)C,CCO,-3.92
CC(C)(C)Cl,CCO,-3.22
CCCCC1CCCCC1,CCO,-5.65
CCCCCCCCCCCCC1=CC=CC=C1,CCO,-10.03
C1CCOC1,CCO,-4.09
[2H]O[2H],CCO,-5.24
C=CC=C,C=CC1=CC=CC=C1,-2.36
CC(C)C(C)C(C)C,CCOC1=CC=CC=C1,-4.42
CC(C)CC(C)C,CCOC1=CC=CC=C1,-3.64
CC(C)CCC(C)C,CCOC1=CC=CC=C1,-4.31
CCCC(C)C,CCOC1=CC=CC=C1,-3.26
C1CCCCC1,CCOC1=CC=CC=C1,-3.89
CCC1CCCCC1,CCOC1=CC=CC=C1,-4.96
CCCCCCC,CCOC1=CC=CC=C1,-4.15
CCCCCC,CCOC1=CC=CC=C1,-3.49
CCCCCCCCC,CCOC1=CC=CC=C1,-5.42
CCCCC,CCOC1=CC=CC=C1,-2.82
C(=O)=O,CCC1=CC=CC=C1,-0.21
C(=O)N,CCC1=CC=CC=C1,-4.58
CCCO,CCC1CO1,-5.09
CC(=O)OC,CCC1CO1,-4.01
COC(=O)OC,CCC1CO1,-4.73
CO,CCC1CO1,-3.68
CC(C)C(C)C(C)C,C1=CC=C(C=C1)F,-4.75
CC(C)CC(C)C,C1=CC=C(C=C1)F,-4.04
CC(C)CCC(C)C,C1=CC=C(C=C1)F,-4.66
CCCC(C)C,C1=CC=C(C=C1)F,-3.63
C1CCCCC1,C1=CC=C(C=C1)F,-4.12
CCC1CCCCC1,C1=CC=C(C=C1)F,-5.22
CCCCCCC,C1=CC=C(C=C1)F,-4.51
CCCCCC,C1=CC=C(C=C1)F,-3.88
CCCCCCCCC,C1=CC=C(C=C1)F,-5.76
CCCCC,C1=CC=C(C=C1)F,-3.25
C1=CC=C(C(=C1)Cl)Cl,C(=O)N,-4.55
C1COCCO1,C(=O)N,-4.8
C1=CC=C(C=C1)Br,C(=O)N,-4.11
C1=CC=C(C=C1)Cl,C(=O)N,-3.58
CCO,C(=O)N,-4.84
C1=CC=C(C=C1)F,C(=O)N,-2.8
C1CCC2=CC=CC=C2C1,CCCCCCC,-7.03
C(COCCOCCO)O,CCCCCCC,-7.04
CC(C)CC(=O)CC(C)C,CCCCCCC,-6.13
C(CO)N,CCCCCCC,-2.5
CCC(C)(C)O,CCCCCCC,-3.85
CCCCCCC(C)O,CCCCCCC,-5.86
C(COCCC#N)C#N,CCCCCCC,-7.82
CCCCC(=O)CC,CCCCCCC,-5.42
CCC(=O)CC,CCCCCCC,-4.04
CCCCC1=CC=CC=C1,CCCCCCC,-6.58
CCCCCCCCCCCCC1=CC=CC=C1,CCCCCCC,-11.79
C(C(C(C(F)(F)F)(F)F)(F)F)(C(C(C(F)(F)F)(F)F)(F)F)(F)F,CCCCCCC,-2.35
CNC=O,CCCCCCC,-3.68
C1CCOC1,CCCCCCC,-3.7
CCCCO,C(C(C(C(F)(F)F)(F)F)(F)F)(C(C(C(F)(F)F)(F)F)(F)F)(F)F,-2.2
CCCO,C(C(C(C(F)(F)F)(F)F)(F)F)(C(C(C(F)(F)F)(F)F)(F)F)(F)F,-1.69
CCCCCCC,C(C(C(C(F)(F)F)(F)F)(F)F)(C(C(C(F)(F)F)(F)F)(F)F)(F)F,-3.2
FS(F)(F)(F)(F)F,CCCCCCCCCCCCCCCC,0.22
C(C(Cl)Cl)(Cl)Cl,CCCCCCCCCCCCCCCC,-5.21
CC(C)COCC(C)C,CCCCCCCCCCCCCCCC,-4.72
CCCCOCCCC,CCCCCCCCCCCCCCCC,-5.39
CCCCCOCCCCC,CCCCCCCCCCCCCCCC,-6.4
CCCOCCC,CCCCCCCCCCCCCCCC,-4.02
C(CCl)Cl,CCCCCCCCCCCCCCCC,-3.52
C=CCCC=C,CCCCCCCCCCCCCCCC,-3.48
CCCCN,CCCCCCCCCCCCCCCC,-3.5
CCCCCl,CCCCCCCCCCCCCCCC,-3.68
CCCCCCl,CCCCCCCCCCCCCCCC,-4.39
CCC(C)(C)C,CCCCCCCCCCCCCCCC,-3.18
CC(C)C(C)C(C)C,CCCCCCCCCCCCCCCC,-4.66
CC(C)C(C)C,CCCCCCCCCCCCCCCC,-3.41
CC(C)CCC(C)C,CCCCCCCCCCCCCCCC,-4.53
CCC(C)O,CCCCCCCCCCCCCCCC,-3.16
CC(C)(C)OC,CCCCCCCCCCCCCCCC,-3.22
CC(C)CO,CCCCCCCCCCCCCCCC,-3.25
CCC(C)C,CCCCCCCCCCCCCCCC,-2.76
CC(C)C#N,CCCCCCCCCCCCCCCC,-3.08
CC(C)CCOC(=O)C,CCCCCCCCCCCCCCCC,-4.96
CC(C)C(=O)C,CCCCCCCCCCCCCCCC,-3.52
CCC(C)CC,CCCCCCCCCCCCCCCC,-3.55
C=CC1CCC=CC1,CCCCCCCCCCCCCCCC,-4.94
CC(C)OC(=O)C,CCCCCCCCCCCCCCCC,-3.55
CC(C)COC(=O)C,CCCCCCCCCCCCCCCC,-4.32
CCCCCCOC(=O)C,CCCCCCCCCCCCCCCC,-5.94
C1=CC=C(C=C1)CC#N,CCCCCCCCCCCCCCCC,-6.06
C1=CC=C(C=C1)CO,CCCCCCCCCCCCCCCC,-5.74
CCCC(=O)OCC,CCCCCCCCCCCCCCCC,-4.54
CCCCC1=CC=CC=C1,CCCCCCCCCCCCCCCC,-6.44
C(=O)=O,CCCCCCCCCCCCCCCC,-0.12
C1CCCCCC1,CCCCCCCCCCCCCCCC,-4.83
C1CCC(CC1)O,CCCCCCCCCCCCCCCC,-4.89
C1CCC(=O)CC1,CCCCCCCCCCCCCCCC,-4.97
C1CCCCCCC1,CCCCCCCCCCCCCCCC,-5.55
CCCCCCCCCC,CCCCCCCCCCCCCCCC,-6.34
CCC1CCCCC1,CCCCCCCCCCCCCCCC,-5.15
CCCOC=O,CCCCCCCCCCCCCCCC,-3.29
CCCCCC=O,CCCCCCCCCCCCCCCC,-4.52
CCCCCC#N,CCCCCCCCCCCCCCCC,-4.68
CCN(CC)CC,CCCCCCCCCCCCCCCC,-3.99
CC(=O)N(C)C,CCCCCCCCCCCCCCCC,-4.26
CN(C)C1=CC=CC=C1,CCCCCCCCCCCCCCCC,-6.4
CN(C)C=O,CCCCCCCCCCCCCCCC,-3.88
N#N,CCCCCCCCCCCCCCCC,1.31
CCCCCCCCC,CCCCCCCCCCCCCCCC,-5.68
O=O,CCCCCCCCCCCCCCCC,0.94
CCCCC#N,CCCCCCCCCCCCCCCC,-4.01
CCC(=O)OCC,CCCCCCCCCCCCCCCC,-3.91
CCCC1=CC=CC=C1,CCCCCCCCCCCCCCCC,-5.76
CS(=O)C,CCCCCCCCCCCCCCCC,-4.14
O=S=O,CCCCCCCCCCCCCCCC,-1.1
C(Cl)(Cl)(Cl)Cl,CCCCCCCCCCCCCCCC,-3.85
C(F)(F)(F)F,CCCCCCCCCCCCCCCC,1.11
C1COCCO1,C1(=C(C(=C(C(=C1F)F)F)F)F)F,-4.93
CCC(=O)C,C1(=C(C(=C(C(=C1F)F)F)F)F)F,-4.33
CCO,C1(=C(C(=C(C(=C1F)F)F)F)F)F,-2.79
CC1=CC=CC=C1,C1(=C(C(=C(C(=C1F)F)F)F)F)F,-5.33
CCCCCCCC,C1(=C(C(=C(C(=C1F)F)F)F)F)F,-4.83
FS(F)(F)(F)(F)F,CN(C)P(=O)(N(C)C)N(C)C,0.66
C=CC=C,CN(C)P(=O)(N(C)C)N(C)C,-2.46
C1COCCO1,CN(C)P(=O)(N(C)C)N(C)C,-4.82
CC=C,CN(C)P(=O)(N(C)C)N(C)C,-1.39
CC#C,CN(C)P(=O)(N(C)C)N(C)C,-2.6
CC(C)C(C)C(C)C,CN(C)P(=O)(N(C)C)N(C)C,-3.97
CC(C)CC(C)C,CN(C)P(=O)(N(C)C)N(C)C,-3.23
CC(C)CCC(C)C,CN(C)P(=O)(N(C)C)N(C)C,-3.84
CCC(=O)C,CN(C)P(=O)(N(C)C)N(C)C,-4.39
CC(=C)C=C,CN(C)P(=O)(N(C)C)N(C)C,-2.89
CC=C(C)C,CN(C)P(=O)(N(C)C)N(C)C,-2.61
CCC(C)C,CN(C)P(=O)(N(C)C)N(C)C,-2.0
CCCC(C)C,CN(C)P(=O)(N(C)C)N(C)C,-2.88
CC(C)C,CN(C)P(=O)(N(C)C)N(C)C,-1.53
C1=CC=CC=C1,CN(C)P(=O)(N(C)C)N(C)C,-4.31
CCCC,CN(C)P(=O)(N(C)C)N(C)C,-1.85
C(=O)=O,CN(C)P(=O)(N(C)C)N(C)C,-0.9
C1CCCCC1,CN(C)P(=O)(N(C)C)N(C)C,-3.47
CC,CN(C)P(=O)(N(C)C)N(C)C,-0.52
CCO,CN(C)P(=O)(N(C)C)N(C)C,-6.13
C=C,CN(C)P(=O)(N(C)C)N(C)C,-0.52
CCC1CCCCC1,CN(C)P(=O)(N(C)C)N(C)C,-4.49
CCCCCCC,CN(C)P(=O)(N(C)C)N(C)C,-3.67
CCCCCC,CN(C)P(=O)(N(C)C)N(C)C,-2.98
S,CN(C)P(=O)(N(C)C)N(C)C,-2.64
C,CN(C)P(=O)(N(C)C)N(C)C,0.72
CC1=CC=CC=C1,CN(C)P(=O)(N(C)C)N(C)C,-5.0
C[N+](=O)[O-],CN(C)P(=O)(N(C)C)N(C)C,-5.68
CCCCCCCCC,CN(C)P(=O)(N(C)C)N(C)C,-4.86
CCCCCCCC,CN(C)P(=O)(N(C)C)N(C)C,-4.26
CCCCC,CN(C)P(=O)(N(C)C)N(C)C,-2.39
CCC,CN(C)P(=O)(N(C)C)N(C)C,-1.15
CC(C)CCl,CCCCCC,-3.87
CCC(C)Cl,CCCCCC,-3.84
C(=O)=O,CCCCCC,-0.48
Br,CCCCCC,-1.19
C(C(C(C(F)(F)F)(F)F)(F)F)(C(C(F)(F)F)(F)F)(F)F,CCCCCC,-2.12
CCCCCC=C,C(CCC#N)CC#N,-2.8
CCCCCC#C,C(CCC#N)CC#N,-3.83
CCCCC=C,C(CCC#N)CC#N,-2.31
CCCCC#C,C(CCC#N)CC#N,-3.32
CCCCCCC=C,C(CCC#N)CC#N,-3.31
CCCCCCC#C,C(CCC#N)CC#N,-4.31
CC(=C)C=C,C(CCC#N)CC#N,-2.35
CC=C(C)C,C(CCC#N)CC#N,-1.98
CCC(C)C,C(CCC#N)CC#N,-1.06
C1=CC=CC=C1,C(CCC#N)CC#N,-3.92
C1CCCCCC1,C(CCC#N)CC#N,-3.34
C1CCCCC1,C(CCC#N)CC#N,-2.51
C1CCCCCCC1,C(CCC#N)CC#N,-4.01
C1CCCC1,C(CCC#N)CC#N,-2.08
CCCCCCCCCC,C(CCC#N)CC#N,-3.99
CCCCCCC,C(CCC#N)CC#N,-2.45
CCCCCC,C(CCC#N)CC#N,-1.86
CCCCCCCCC,C(CCC#N)CC#N,-3.46
CCCCCCCC,C(CCC#N)CC#N,-2.96
CCCCC,C(CCC#N)CC#N,-1.32
CCCCO,CCCCC(CC)COC(=O)CCCCC(=O)OCC(CC)CCCC,-4.73
CCCCCC=C,CCCCC(CC)COC(=O)CCCCC(=O)OCC(CC)CCCC,-4.03
CCCCC=C,CCCCC(CC)COC(=O)CCCCC(=O)OCC(CC)CCCC,-3.36
CCCCCCC=C,CCCCC(CC)COC(=O)CCCCC(=O)OCC(CC)CCCC,-4.72
CCCC=C,CCCCC(CC)COC(=O)CCCCC(=O)OCC(CC)CCCC,-2.66
CCCO,CCCCC(CC)COC(=O)CCCCC(=O)OCC(CC)CCCC,-4.07
CCCCOC(=O)C,CCCCC(CC)COC(=O)CCCCC(=O)OCC(CC)CCCC,-4.89
CCOC(=O)C,CCCCC(CC)COC(=O)CCCCC(=O)OCC(CC)CCCC,-3.73
CC(=O)OC,CCCCC(CC)COC(=O)CCCCC(=O)OCC(CC)CCCC,-3.19
CCCOC(=O)C,CCCCC(CC)COC(=O)CCCCC(=O)OCC(CC)CCCC,-4.3
C1=CC=CC=C1,CCCCC(CC)COC(=O)CCCCC(=O)OCC(CC)CCCC,-4.09
C1CCCCC1,CCCCC(CC)COC(=O)CCCCC(=O)OCC(CC)CCCC,-3.77
CCO,CCCCC(CC)COC(=O)CCCCC(=O)OCC(CC)CCCC,-3.37
CCC1=CC=CC=C1,CCCCC(CC)COC(=O)CCCCC(=O)OCC(CC)CCCC,-5.37
CCCCCCC,CCCCC(CC)COC(=O)CCCCC(=O)OCC(CC)CCCC,-4.01
CCCCCC,CCCCC(CC)COC(=O)CCCCC(=O)OCC(CC)CCCC,-3.33
CO,CCCCC(CC)COC(=O)CCCCC(=O)OCC(CC)CCCC,-2.96
CC1=CC=CC=C1,CCCCC(CC)COC(=O)CCCCC(=O)OCC(CC)CCCC,-4.78
CCCCCCCC,CCCCC(CC)COC(=O)CCCCC(=O)OCC(CC)CCCC,-4.69
CCCCC,CCCCC(CC)COC(=O)CCCCC(=O)OCC(CC)CCCC,-2.65
CC(=C)C=C,CCCCCC#N,-3.11
CC=C(C)C,CCCCCC#N,-2.96
C1=CC=CC=C1,CCCCCC#N,-4.36
C1CCCCC1,CCCCCC#N,-3.66
CCCCCC,CCCCCC#N,-3.28
CC(=C)C,C1=CC=C(C=C1)I,-1.91
CCC(C)C,C1=CC=C(C=C1)I,-2.37
CCCC,C1=CC=C(C=C1)I,-2.05
CCCCC,C1=CC=C(C=C1)I,-2.61
CCCCCl,CCI,-4.43
CC(=O)C,CI,-3.91
C(Cl)(Cl)(Cl)Cl,CI,-4.51
C1=CC=C(C=C1)CCl,CO,-6.37
CCC=C,CO,-1.83
CC(C)CCC(C)C,CO,-3.55
CCC(C)O,CO,-6.02
CC(C)(C)Cl,CO,-3.11
CC(C)CO,CO,-6.18
CC(C)O,CO,-5.53
CCCCC(=O)CC,CO,-5.85
CC(C)CCO,CO,-6.77
CCC(=O)CC,CO,-4.96
CC=O,CO,-4.83
CCOC(=O)C,CO,-4.38
C1CCC(CC1)O,CO,-7.69
S,CO,-1.72
CC(C)C(C)C(C)C,COC1=CC=CC=C1,-4.35
CC(C)CC(C)C,COC1=CC=CC=C1,-3.57
CC(C)CCC(C)C,COC1=CC=CC=C1,-4.22
CCCC(C)C,COC1=CC=CC=C1,-3.2
C1CCCCC1,COC1=CC=CC=C1,-3.84
CCC1CCCCC1,COC1=CC=CC=C1,-4.91
CCCCCCC,COC1=CC=CC=C1,-4.06
CCCCCC,COC1=CC=CC=C1,-3.41
CCCCCCCCC,COC1=CC=CC=C1,-5.35
CCCCC,COC1=CC=CC=C1,-2.76
CC(C)C(C)C(C)C,CC1=CC=CC=C1,-4.85
CC(C)CC(C)C,CC1=CC=CC=C1,-4.07
CC(C)CCC(C)C,CC1=CC=CC=C1,-4.76
CCCC(C)C,CC1=CC=CC=C1,-3.65
C1=CC=CC=C1,CC1=CC=CC=C1,-4.47
C(=O)=O,CC1=CC=CC=C1,-0.48
C1CCCCC1,CC1=CC=CC=C1,-4.2
CCC1CCCCC1,CC1=CC=CC=C1,-5.37
CCCCCCC,CC1=CC=CC=C1,-4.57
CCCCCC,CC1=CC=CC=C1,-3.87
[HH],CC1=CC=CC=C1,1.62
CCI,CC1=CC=CC=C1,-4.2
CCN(CC)CC,CC1=CC=CC=C1,-4.66
[N]=O,CC1=CC=CC=C1,0.76
CCCCCCCCC,CC1=CC=CC=C1,-5.95
CCCCC,CC1=CC=CC=C1,-3.15
C1=CC=CC=C1,CC1CCCC1,-4.19
C=C,CC1CO1,-0.89
CC(Cl)(Cl)Cl,CCCCN(CCCC)CCCC,-3.69
C(CCl)Cl,CCCCN(CCCC)CCCC,-3.65
C1CCCCC1,CCCCN(CCCC)CCCC,-3.92
C(Cl)Cl,CCCCN(CCCC)CCCC,-2.87
CCCCCC,CCCCN(CCCC)CCCC,-3.6
[HH],CCCCN(CCCC)CCCC,1.53
CCCCC,CCCCN(CCCC)CCCC,-2.9
C(Cl)(Cl)(Cl)Cl,CCCCN(CCCC)CCCC,-3.84
C(Cl)(Cl)Cl,CCCCN(CCCC)CCCC,-3.69
CC(C)C(C)C(C)C,CCN(CC)CC,-4.98
CC(C)CC(C)C,CCN(CC)CC,-4.26
CC(C)CCC(C)C,CCN(CC)CC,-4.89
CCCC(C)C,CCN(CC)CC,-3.81
C1CCCCC1,CCN(CC)CC,-4.23
CCC1CCCCC1,CCN(CC)CC,-5.43
CCCCCCC,CCN(CC)CC,-4.68
CCCCCC,CCN(CC)CC,-4.01
[HH],CCN(CC)CC,1.33
CCCCCCCCC,CCN(CC)CC,-6.06
CCCCC,CCN(CC)CC,-3.31
[HH],CN(C)CCCN,1.63
CCC1=CC=CC=C1,CN(C)C=O,-5.41
CC(Cl)(Cl)Cl,CCCCCCCCN(CCCCCCCC)CCCCCCCC,-3.63
C(CCl)Cl,CCCCCCCCN(CCCCCCCC)CCCCCCCC,-3.6
C1CCCCC1,CCCCCCCCN(CCCCCCCC)CCCCCCCC,-3.86
C(Cl)Cl,CCCCCCCCN(CCCCCCCC)CCCCCCCC,-2.82
CCCCCC,CCCCCCCCN(CCCCCCCC)CCCCCCCC,-3.49
CCCCC,CCCCCCCCN(CCCCCCCC)CCCCCCCC,-2.81
C(Cl)(Cl)(Cl)Cl,CCCCCCCCN(CCCCCCCC)CCCCCCCC,-3.79
C(Cl)(Cl)Cl,CCCCCCCCN(CCCCCCCC)CCCCCCCC,-3.59
CC(Cl)(Cl)Cl,CCCCCN(CCCCC)CCCCC,-3.78
C(CCl)Cl,CCCCCN(CCCCC)CCCCC,-3.76
C1CCCCC1,CCCCCN(CCCCC)CCCCC,-4.01
C(Cl)Cl,CCCCCN(CCCCC)CCCCC,-2.99
CCCCCC,CCCCCN(CCCCC)CCCCC,-3.67
CCCCC,CCCCCN(CCCCC)CCCCC,-2.98
C(Cl)(Cl)(Cl)Cl,CCCCCN(CCCCC)CCCCC,-3.96
C(Cl)(Cl)Cl,CCCCCN(CCCCC)CCCCC,-3.82
[HH],CCCCNCCCC,1.48
CC(C)(C)Cl,CNC=O,-3.02
FS(F)(F)(F)(F)F,CCCCCCCCC,-0.16
C(C(F)(F)F)F,CCCCCCCCC,-0.76
CC(F)F,CCCCCCCCC,-1.08
CCC=C,CCCCCCCCC,-2.43
CC(F)(F)Cl,CCCCCCCCC,-1.74
CC=C,CCCCCCCCC,-1.7
CC(C)C(C)C(C)C,CCCCCCCCC,-4.87
CC(C)CC(C)C,CCCCCCCCC,-4.1
CC(C)CCC(C)C,CCCCCCCCC,-4.79
CC(=C)C,CCCCCCCCC,-2.39
CCCC(C)C,CCCCCCCCC,-3.67
CC(C)C,CCCCCCCCC,-2.2
CCCC,CCCCCCCCC,-2.43
C(F)(F)Cl,CCCCCCCCC,-1.16
CCCl,CCCCCCCCC,-2.34
C(C(F)(F)Cl)(F)(F)F,CCCCCCCCC,-0.87
C(F)(F)(F)Cl,CCCCCCCCC,-0.46
C1CCCCC1,CCCCCCCCC,-4.13
C(F)(F)(Cl)Cl,CCCCCCCCC,-1.68
C(F)F,CCCCCCCCC,-0.37
CC,CCCCCCCCC,-0.92
C=C,CCCCCCCCC,-0.6
CCC1CCCCC1,CCCCCCCCC,-5.31
CCCCCCC,CCCCCCCCC,-4.57
CCCCCC,CCCCCCCCC,-3.86
C,CCCCCCCCC,0.2
N#N,CCCCCCCCC,1.01
CCCCCCCC,CCCCCCCCC,-5.23
O=O,CCCCCCCCC,0.73
C(C(F)(F)F)(F)F,CCCCCCCCC,-0.39
CCCCC,CCCCCCCCC,-3.18
CCC,CCCCCCCCC,-1.71
C(F)(F)(F)F,CCCCCCCCC,0.8
C(F)(Cl)(Cl)Cl,CCCCCCCCC,-2.83
C(F)(F)F,CCCCCCCCC,0.06
O,CCCCCCCCC,-0.53
CC(C)C(C)C(C)C,C(C(C(C(C(F)(F)F)(F)F)(F)F)(F)F)(C(C(C(F)(F)F)(F)F)(F)F)(F)F,-3.34
CC(C)CC(C)C,C(C(C(C(C(F)(F)F)(F)F)(F)F)(F)F)(C(C(C(F)(F)F)(F)F)(F)F)(F)F,-2.77
CC(C)CCC(C)C,C(C(C(C(C(F)(F)F)(F)F)(F)F)(F)F)(C(C(C(F)(F)F)(F)F)(F)F)(F)F,-3.22
CCCC(C)C,C(C(C(C(C(F)(F)F)(F)F)(F)F)(F)F)(C(C(C(F)(F)F)(F)F)(F)F)(F)F,-2.43
C1CCCCC1,C(C(C(C(C(F)(F)F)(F)F)(F)F)(F)F)(C(C(C(F)(F)F)(F)F)(F)F)(F)F,-2.65
CCC1CCCCC1,C(C(C(C(C(F)(F)F)(F)F)(F)F)(F)F)(C(C(C(F)(F)F)(F)F)(F)F)(F)F,-3.5
CCCCCCC,C(C(C(C(C(F)(F)F)(F)F)(F)F)(F)F)(C(C(C(F)(F)F)(F)F)(F)F)(F)F,-2.98
CCCCCC,C(C(C(C(C(F)(F)F)(F)F)(F)F)(F)F)(C(C(C(F)(F)F)(F)F)(F)F)(F)F,-2.53
CCCCCCCCC,C(C(C(C(C(F)(F)F)(F)F)(F)F)(F)F)(C(C(C(F)(F)F)(F)F)(F)F)(F)F,-3.92
CCCCCCCC,C(C(C(C(C(F)(F)F)(F)F)(F)F)(F)F)(C(C(C(F)(F)F)(F)F)(F)F)(F)F,-3.45
CCCCC,C(C(C(C(C(F)(F)F)(F)F)(F)F)(F)F)(C(C(C(F)(F)F)(F)F)(F)F)(F)F,-2.06
CC(C)(C)Cl,CCCCCCCC,-3.35
Br,CCCCCCCC,-1.11
C(C(F)(F)F)F,CCCCCCCC(=O)OCC(COC(=O)CCCCCCC)OC(=O)CCCCCCC,-1.21
C(=C(F)F)(C(F)(F)F)F,CCCCCCCC(=O)OCC(COC(=O)CCCCCCC)OC(=O)CCCCCCC,-0.41
CC(F)(Cl)Cl,CCCCCCCC(=O)OCC(COC(=O)CCCCCCC)OC(=O)CCCCCCC,-2.89
CC(F)F,CCCCCCCC(=O)OCC(COC(=O)CCCCCCC)OC(=O)CCCCCCC,-1.37
C(C(F)(F)Cl)(F)(F)Cl,CCCCCCCC(=O)OCC(COC(=O)CCCCCCC)OC(=O)CCCCCCC,-1.63
CC(F)(F)Cl,CCCCCCCC(=O)OCC(COC(=O)CCCCCCC)OC(=O)CCCCCCC,-1.84
C(C(F)(F)F)Cl,CCCCCCCC(=O)OCC(COC(=O)CCCCCCC)OC(=O)CCCCCCC,-2.41
C(=C(F)F)Cl,CCCCCCCC(=O)OCC(COC(=O)CCCCCCC)OC(=O)CCCCCCC,-1.77
C(F)(F)Cl,CCCCCCCC(=O)OCC(COC(=O)CCCCCCC)OC(=O)CCCCCCC,-1.69
CCCl,CCCCCCCC(=O)OCC(COC(=O)CCCCCCC)OC(=O)CCCCCCC,-2.56
C(F)(F)(F)Cl,CCCCCCCC(=O)OCC(COC(=O)CCCCCCC)OC(=O)CCCCCCC,-0.03
C(F)(F)(Cl)Cl,CCCCCCCC(=O)OCC(COC(=O)CCCCCCC)OC(=O)CCCCCCC,-1.36
C,CCCCCCCC(=O)OCC(COC(=O)CCCCCCC)OC(=O)CCCCCCC,0.59
C(C(F)(F)F)(F)F,CCCCCCCC(=O)OCC(COC(=O)CCCCCCC)OC(=O)CCCCCCC,-0.79
C(F)(F)(F)F,CCCCCCCC(=O)OCC(COC(=O)CCCCCCC)OC(=O)CCCCCCC,1.4
C(F)(Cl)(Cl)Cl,CCCCCCCC(=O)OCC(COC(=O)CCCCCCC)OC(=O)CCCCCCC,-2.65
C(F)(F)F,CCCCCCCC(=O)OCC(COC(=O)CCCCCCC)OC(=O)CCCCCCC,-0.46
CC,C1CO1,-0.88
C,C1CO1,0.14
N#N,C1CO1,0.9
C=CC=C,OCCCOCCCO,-1.73
CC=C,OCCCOCCCO,-0.76
CC#C,OCCCOCCCO,-1.53
CC(C)C,OCCCOCCCO,-0.87
CCCC,OCCCOCCCO,-1.24
C(=O)=O,OCCCOCCCO,-0.25
CC,OCCCOCCCO,0.04
C=C,OCCCOCCCO,0.06
S,OCCCOCCCO,-1.24
C,OCCCOCCCO,1.22
CCC,OCCCOCCCO,-0.57
FS(F)(F)(F)(F)F,CCCCCCCCCCCCCCC,0.18
CCCC,CCCCCCCCCCCCCCC,-2.24
C,CCCCCCCCCCCCCCC,0.38
N#N,CCCCCCCCCCCCCCC,1.27
O=O,CCCCCCCCCCCCCCC,0.92
CCC,CCCCCCCCCCCCCCC,-1.48
C(F)(F)(F)F,CCCCCCCCCCCCCCC,1.1
C1COCCO1,CCCCC,-4.02
CCC=C,CCCCC,-2.53
CC=C,CCCCC,-1.79
CC(C)C(C)C(C)C,CCCCC,-5.05
CC(C)CC(C)C,CCCCC,-4.33
CC(C)CCC(C)C,CCCCC,-5.01
CCC(=O)C,CCCCC,-3.41
CC(=C)C,CCCCC,-2.49
CCCC(C)C,CCCCC,-3.93
CC(C)C,CCCCC,-2.38
CCCC,CCCCC,-2.61
C1CCCCC1,CCCCC,-4.25
C(Cl)Cl,CCCCC,-3.09
CC,CCCCC,-1.01
C=C,CCCCC,-0.69
CCC1CCCCC1,CCCCC,-5.41
CCCCCCC,CCCCC,-4.77
CCCCCC,CCCCC,-4.11
CC1=CC=CC=C1,CCCCC,-4.75
C[N+](=O)[O-],CCCCC,-2.7
CCCCCCCCC,CCCCC,-6.12
CCCCCCCC,CCCCC,-5.43
CCC,CCCCC,-1.81
O,CCCCC,-0.64
CC(=C)C=C,C(CC#N)CC#N,-2.06
CC=C(C)C,C(CC#N)CC#N,-1.67
C1=CC=CC=C1,C(CC#N)CC#N,-3.59
C1CCCCC1,C(CC#N)CC#N,-2.17
CCCCCC,C(CC#N)CC#N,-1.5
CC(=C)C=C,CCCCC#N,-3.06
CC=C(C)C,CCCCC#N,-2.9
C1=CC=CC=C1,CCCCC#N,-4.42
C1CCCCC1,CCCCC#N,-3.58
CCCCCC,CCCCC#N,-3.27
C1COCCO1,CCOP(=O)(OCC)OCC,-4.63
CCCCO,CCOP(=O)(OCC)OCC,-6.0
CCCO,CCOP(=O)(OCC)OCC,-5.39
CCC(=O)C,CCOP(=O)(OCC)OCC,-4.1
CC(C)CO,CCOP(=O)(OCC)OCC,-5.79
CC(C)O,CCOP(=O)(OCC)OCC,-4.97
CC(=O)C,CCOP(=O)(OCC)OCC,-3.64
CC(C)CC(=O)C,CCOP(=O)(OCC)OCC,-4.94
CCOC(=O)C,CCOP(=O)(OCC)OCC,-4.13
CC(=O)OC,CCOP(=O)(OCC)OCC,-3.75
CCO,CCOP(=O)(OCC)OCC,-4.76
CO,CCOP(=O)(OCC)OCC,-4.38
CCC(=O)C,COP(=O)(OC)OC,-4.41
CC(=O)C,COP(=O)(OC)OC,-3.97
CCOC(=O)C,COP(=O)(OC)OC,-4.28
CC(=O)OC,COP(=O)(OC)OC,-3.94
CCO,COP(=O)(OC)OC,-4.98
CO,COP(=O)(OC)OC,-4.68
C1CCCCC1,C1CCNCC1,-4.32
[HH],C1CCNCC1,1.63
O,CCC,-0.66
CCCCCC=C,CCC#N,-4.05
CCCCC=C,CCC#N,-3.49
CCCCCCC=C,CCC#N,-4.66
CCCC=C,CCC#N,-2.86
CC(C)C(C)C(C)C,CCC#N,-3.86
CC(C)CC(C)C,CCC#N,-3.18
CC(C)CCC(C)C,CCC#N,-3.76
CCCC(C)C,CCC#N,-2.84
C1=CC=CC=C1,CCC#N,-4.47
C1CCCCC1,CCC#N,-3.57
CCC1=CC=CC=C1,CCC#N,-5.78
CCC1CCCCC1,CCC#N,-4.51
CCCCCC,CCC#N,-3.13
CCI,CCC#N,-3.94
CC1=CC=CC=C1,CCC#N,-5.16
CC1CCCCC1,CCC#N,-4.07
CCN(CC)CC,CCC#N,-4.03
CCCCCCCCC,CCC#N,-4.68
CCCCC,CCC#N,-2.59
CC(C)C(C)C(C)C,C1=CC=NC=C1,-4.17
CC(C)CC(C)C,C1=CC=NC=C1,-3.4
CC(C)CCC(C)C,C1=CC=NC=C1,-4.06
CCCC(C)C,C1=CC=NC=C1,-3.06
C1=CC=CC=C1,C1=CC=NC=C1,-4.51
C1CCCCC1,C1=CC=NC=C1,-3.75
CCC1CCCCC1,C1=CC=NC=C1,-4.73
CCCCCCC,C1=CC=NC=C1,-3.9
CCCCCC,C1=CC=NC=C1,-3.27
CCCCCCCCC,C1=CC=NC=C1,-5.13
CCCCC,C1=CC=NC=C1,-2.64
O=S=O,C1=CC=NC=C1,-4.82
C1CCCCC1,C1CCNC1,-4.04
[HH],C1CCNC1,1.62
C(CCl)Cl,C1=CC=C2C(=C1)C=CC=N2,-4.54
C1C=CC=C1,C1=CC=C2C(=C1)C=CC=N2,-2.88
C1COCCO1,C1=CC=C2C(=C1)C=CC=N2,-4.87
CCCCl,C1=CC=C2C(=C1)C=CC=N2,-3.35
CC(C)OC(C)C,C1=CC=C2C(=C1)C=CC=N2,-3.45
CCC(=O)C,C1=CC=C2C(=C1)C=CC=N2,-4.15
CC(C)(C)Cl,C1=CC=C2C(=C1)C=CC=N2,-3.18
CC(=C)C=C,C1=CC=C2C(=C1)C=CC=N2,-2.82
CC(=O)C,C1=CC=C2C(=C1)C=CC=N2,-3.62
CCOC(=O)C,C1=CC=C2C(=C1)C=CC=N2,-4.07
CC(=O)OC,C1=CC=C2C(=C1)C=CC=N2,-3.51
CC#N,C1=CC=C2C(=C1)C=CC=N2,-3.98
C1=CC=CC=C1,C1=CC=C2C(=C1)C=CC=N2,-4.31
CCBr,C1=CC=C2C(=C1)C=CC=N2,-3.31
C1CCCCC1,C1=CC=C2C(=C1)C=CC=N2,-3.61
C1CCCC1,C1=CC=C2C(=C1)C=CC=N2,-3.21
CCO,C1=CC=C2C(=C1)C=CC=N2,-4.53
CCCCCCC,C1=CC=C2C(=C1)C=CC=N2,-3.86
CCCCCC,C1=CC=C2C(=C1)C=CC=N2,-3.1
CCI,C1=CC=C2C(=C1)C=CC=N2,-3.93
CI,C1=CC=C2C(=C1)C=CC=N2,-3.4
CO,C1=CC=C2C(=C1)C=CC=N2,-4.19
CC1=CC=CC=C1,C1=CC=C2C(=C1)C=CC=N2,-4.82
C[N+](=O)[O-],C1=CC=C2C(=C1)C=CC=N2,-4.72
CCCCCCCC,C1=CC=C2C(=C1)C=CC=N2,-4.22
CCCCC,C1=CC=C2C(=C1)C=CC=N2,-2.54
C(Cl)(Cl)(Cl)Cl,C1=CC=C2C(=C1)C=CC=N2,-4.07
C(Cl)(Cl)Cl,C1=CC=C2C(=C1)C=CC=N2,-4.41
FS(F)(F)(F)(F)F,CS(=O)C,-0.05
CCOCC,CS(=O)C,-2.2
C=CC=C,CS(=O)C,-1.8
C=CCCC=C,CS(=O)C,-2.74
CCCCCC=C,CS(=O)C,-2.51
CCCCCC#C,CS(=O)C,-3.95
CCCCC=C,CS(=O)C,-2.1
CCCCC#C,CS(=O)C,-3.55
CC1=CC=C(C=C1)C(C)C,CS(=O)C,-5.55
CCCCCCC=C,CS(=O)C,-3.04
CCCCCCC#C,CS(=O)C,-4.42
CC=C,CS(=O)C,-0.78
CC#C,CS(=O)C,-2.14
CC(C)C(C)C(C)C,CS(=O)C,-2.63
CC(C)CC(C)C,CS(=O)C,-2.03
CC(C)CCC(C)C,CS(=O)C,-2.41
CC(=C)C=C,CS(=O)C,-2.38
CC=C(C)C,CS(=O)C,-1.97
CCCC(C)C,CS(=O)C,-1.78
CC(C)C,CS(=O)C,-0.53
CC(=O)C,CS(=O)C,-3.67
C=CC1CCC=CC1,CS(=O)C,-3.97
CCOC(=O)C,CS(=O)C,-3.88
CC(=O)OC,CS(=O)C,-3.53
C1=CC=CC=C1,CS(=O)C,-3.96
C(Cl)(Cl)(Cl)Br,CS(=O)C,-4.78
CCCC,CS(=O)C,-0.99
C(=O)=O,CS(=O)C,-0.69
C1CCCCCC1,CS(=O)C,-3.1
C1CCCCC1,CS(=O)C,-2.5
C1CCC=CC1,CS(=O)C,-3.13
C1CCCCCCC1,CS(=O)C,-3.85
C1CC=CC1,CS(=O)C,-2.72
C(Cl)Cl,CS(=O)C,-4.13
CC,CS(=O)C,0.07
C=C,CS(=O)C,-0.05
CCC1CCCCC1,CS(=O)C,-3.28
COC=O,CS(=O)C,-3.28
CCCCCCC,CS(=O)C,-2.27
CCCCCC,CS(=O)C,-1.83
S,CS(=O)C,-2.04
CCI,CS(=O)C,-3.82
C,CS(=O)C,1.16
CO,CS(=O)C,-4.93
CC1CCCCC1,CS(=O)C,-2.73
CC1CCCC1,CS(=O)C,-2.47
CCCCCCCCC,CS(=O)C,-3.24
CCCCC,CS(=O)C,-1.41
CCC,CS(=O)C,-0.36
O=S=O,CS(=O)C,-4.71
C(=C(Cl)Cl)(Cl)Cl,CS(=O)C,-4.27
C(Cl)(Cl)(Cl)Cl,CS(=O)C,-3.66
C1CCOC1,CS(=O)C,-3.67
C(Cl)(Cl)Cl,CS(=O)C,-4.72
CCCCCC,O=S=O,-3.18
C(=S)=S,C(=C(Cl)Cl)(Cl)Cl,-3.52
O,C(=C(Cl)Cl)(Cl)Cl,-1.15
C1CCCC1,C(Cl)(Cl)(Cl)Cl,-3.78
Cl,C(Cl)(Cl)(Cl)Cl,-0.86
CN(C)C=O,C(Cl)(Cl)(Cl)Cl,-4.73
CSC,C(Cl)(Cl)(Cl)Cl,-3.6
[2H]O[2H],C(Cl)(Cl)(Cl)Cl,-1.14
C1COCCO1,C(C(C(C(F)(F)F)(F)F)(F)F)(C(C(F)(F)F)(F)F)(F)F,-2.75
CCCO,C(C(C(C(F)(F)F)(F)F)(F)F)(C(C(F)(F)F)(F)F)(F)F,-1.74
CC(C)C(C)C(C)C,C(C(C(C(F)(F)F)(F)F)(F)F)(C(C(F)(F)F)(F)F)(F)F,-3.4
CC(C)CC(C)C,C(C(C(C(F)(F)F)(F)F)(F)F)(C(C(F)(F)F)(F)F)(F)F,-2.85
CC(C)CCC(C)C,C(C(C(C(F)(F)F)(F)F)(F)F)(C(C(F)(F)F)(F)F)(F)F,-3.3
CCC(=O)C,C(C(C(C(F)(F)F)(F)F)(F)F)(C(C(F)(F)F)(F)F)(F)F,-2.39
CCCC(C)C,C(C(C(C(F)(F)F)(F)F)(F)F)(C(C(F)(F)F)(F)F)(F)F,-2.53
C1CCCCC1,C(C(C(C(F)(F)F)(F)F)(F)F)(C(C(F)(F)F)(F)F)(F)F,-2.71
CCO,C(C(C(C(F)(F)F)(F)F)(F)F)(C(C(F)(F)F)(F)F)(F)F,-1.55
CCC1CCCCC1,C(C(C(C(F)(F)F)(F)F)(F)F)(C(C(F)(F)F)(F)F)(F)F,-3.53
CCCCCCC,C(C(C(C(F)(F)F)(F)F)(F)F)(C(C(F)(F)F)(F)F)(F)F,-3.06
CCCCCC,C(C(C(C(F)(F)F)(F)F)(F)F)(C(C(F)(F)F)(F)F)(F)F,-2.67
CC1=CC=CC=C1,C(C(C(C(F)(F)F)(F)F)(F)F)(C(C(F)(F)F)(F)F)(F)F,-3.08
C[N+](=O)[O-],C(C(C(C(F)(F)F)(F)F)(F)F)(C(C(F)(F)F)(F)F)(F)F,-2.11
CCCCCCCCC,C(C(C(C(F)(F)F)(F)F)(F)F)(C(C(F)(F)F)(F)F)(F)F,-3.96
CCCCCCCC,C(C(C(C(F)(F)F)(F)F)(F)F)(C(C(F)(F)F)(F)F)(F)F,-3.52
CCCCC,C(C(C(C(F)(F)F)(F)F)(F)F)(C(C(F)(F)F)(F)F)(F)F,-2.15
FS(F)(F)(F)(F)F,CCCCCCCCCCCCCC,0.15
CC(Cl)(Cl)Cl,CCCCCCCCCCCCCC,-3.61
C(CCl)Cl,CCCCCCCCCCCCCC,-3.49
CCOC(=O)C,CCCCCCCCCCCCCC,-3.24
CCCC,CCCCCCCCCCCCCC,-2.23
C1CCCCC1,CCCCCCCCCCCCCC,-3.91
C(Cl)Cl,CCCCCCCCCCCCCC,-2.67
CCCCCC,CCCCCCCCCCCCCC,-3.6
C,CCCCCCCCCCCCCC,0.36
N#N,CCCCCCCCCCCCCC,1.24
O=O,CCCCCCCCCCCCCC,0.89
CCCCC,CCCCCCCCCCCCCC,-2.9
CCC,CCCCCCCCCCCCCC,-1.49
C(Cl)(Cl)(Cl)Cl,CCCCCCCCCCCCCC,-3.8
C(F)(F)(F)F,CCCCCCCCCCCCCC,1.06
C(Cl)(Cl)Cl,CCCCCCCCCCCCCC,-3.35
C1=CC=CC=C1,C1CC(OC1)CO,-4.04
CCCCCC,C1CC(OC1)CO,-2.62
CC(C)CCl,C1CCOCC1,-4.28
CCCCCl,C1CCOCC1,-4.52
CCCCCCl,C1CCOCC1,-5.23
CCCCl,C1CCOCC1,-3.79
CC(C)(C)Cl,C1CCOCC1,-3.82
CCC(C)Cl,C1CCOCC1,-4.24
CC(C)CC(C)(C)C,CC1CCS(=O)(=O)C1,-2.59
C1=CC=CC=C1,CC1CCS(=O)(=O)C1,-4.11
C1CCCCC1,CC1CCS(=O)(=O)C1,-2.73
CCCCCCC,CC1CCS(=O)(=O)C1,-2.68
CCCCCC,CC1CCS(=O)(=O)C1,-2.13
CC1=CC=CC=C1,CC1CCS(=O)(=O)C1,-4.64
CC1CCCCC1,CC1CCS(=O)(=O)C1,-3.0
CC1CCCC1,CC1CCS(=O)(=O)C1,-2.51
CCCCO,C1CCOC1,-5.99
CC(C)CCl,C1CCOC1,-4.39
CCCCCl,C1CCOC1,-4.57
CCCCl,C1CCOC1,-3.88
CCCCCCO,C1CCOC1,-7.42
CCCCCO,C1CCOC1,-6.61
CCC(C)Cl,C1CCOC1,-4.34
CC(C)CCO,C1CCOC1,-6.32
CCCCC1=CC=CC=C1,C1CCOC1,-7.33
C1CCC(CC1)O,C1CCOC1,-7.24
CCI,C1CCOC1,-4.45
C(Cl)(Cl)(Cl)Cl,CSC,-4.63
C1=CC=CC=C1,C1=CSC=C1,-4.61
C1CC=CC=C1,C1CCC2CCCCC2C1,-4.14
C1C=CCC=C1,C1CCC2CCCCC2C1,-4.4
CCCCCC=C,C1CCC2CCCCC2C1,-4.38
CCCCCC#C,C1CCC2CCCCC2C1,-4.37
CCCCC=C,C1CCC2CCCCC2C1,-3.67
CCCCC#C,C1CCC2CCCCC2C1,-3.68
C1CCC=CC1,C1CCC2CCCCC2C1,-4.21
O,C(Br)(Br)Br,-1.76
C(=O)(Cl)Cl,B(Cl)(Cl)Cl,-2.76
COCOC,C(Cl)(Cl)Cl,-3.99
CCC1CO1,C(Cl)(Cl)Cl,-4.9
CCI,C(Cl)(Cl)Cl,-4.44
C1CCOC1,C(Cl)(Cl)Cl,-5.12
CSC,C(Cl)(Cl)Cl,-4.08
FS(F)(F)(F)(F)F,CCCCCCCCCCCCC,0.12
CCCC,CCCCCCCCCCCCC,-2.31
C,CCCCCCCCCCCCC,0.34
N#N,CCCCCCCCCCCCC,1.21
O=O,CCCCCCCCCCCCC,0.87
CCC,CCCCCCCCCCCCC,-1.54
C(F)(F)(F)F,CCCCCCCCCCCCC,1.02
O,CCCCCCCCCCCCC,-0.4
FS(F)(F)(F)(F)F,CCCCCCCCCCC,0.0
C,CCCCCCCCCCC,0.27
N#N,CCCCCCCCCCC,1.11
O=O,CCCCCCCCCCC,0.79
C(F)(F)(F)F,CCCCCCCCCCC,0.92
O,CCCCCCCCCCC,-0.47
CCCCCCCCC=CCCCCCCCCCCCC(=O)OC,O,-1.09
C1C2C=CC1C3C2C4(C(=C(C3(C4(Cl)Cl)Cl)Cl)Cl)Cl,O,-3.75
CCC=CCCC=O,O,-3.19
CCCCCCCCC=CCCCCCCCC(=O)OCC,O,-8.25
CCCCCCCCC=CCCCCCCCC(=O)OC,O,-2.13
CCCCCC=CCC=CCCCCCCCC(=O)OC,O,-2.48
CCC=CCC=CCC=CCCCCCCCC(=O)OC,O,-3.47
COC1=CC=C(C=C1)C(C2=CC=C(C=C2)OC)C(Cl)(Cl)Cl,O,-6.93
C1=CC(=CC=C1C(C2=CC=C(C=C2)Cl)C(Cl)Cl)Cl,O,-4.88
CCOCOCC,O,-2.96
CC1CCCC(C1)(C)C,O,2.23
CC1CCC(C1)(C)C,O,2.47
CC(OC)OC,O,-3.26
C1=CC(=CC(=C1)Br)Br,O,-1.99
C1=CC(=CC(=C1)[N+](=O)[O-])[N+](=O)[O-],O,-7.77
C(CO)CO,O,-9.96
C1=CC(=CC(=C1)Cl)[N+](=O)[O-],O,-4.45
C1=CC(=CC=C1[N+](=O)[O-])Cl,O,-5.05
CC1=CC=CC=C1C(C)C,O,-0.82
CC1=C(C=C(C=C1)[N+](=O)[O-])[N+](=O)[O-],O,-7.72
CC1=CC(=CC=C1)C(C)C,O,-0.72
CC1=CC=C(C=C1)[N+](=O)[O-],O,-4.96
C1=CC=C2C(=C1)C=CC=C2[N+](=O)[O-],O,-5.65
CCCCCCCC#C,O,0.74
CCCCCCCCCCCCCN,O,-3.2
CC(CC(C)(C)C)CC(C)(C)CC(C)(C)C,O,4.46
CC(C)(Cl)Cl,O,-0.43
CCCCC(C)(C)C,O,3.02
CCC(C)OC(C)CC,O,-0.8
CC(=O)C(=O)C,O,-4.3
C1=CC(=C(C=C1[N+](=O)[O-])Cl)N,O,-8.74
CCC(C)(C)OCC,O,-1.5
CCC(CC)CO,O,-3.73
CCCCC(CC)CO,O,-3.96
CCC1=CC2=CC=CC=C2C=C1,O,-2.26
CCC1=CC=CS1,O,-0.93
CCCCCC(C)O,O,-3.88
CC(=C)C(=O)OC,O,-2.53
CC(C)(C=C)O,O,-4.19
CC(C)(C#C)O,O,-5.18
CC1CCCCC1O,O,-4.79
CC1=CC2=CC=CC=C2C=C1,O,-2.18
CC(C)C#N,O,-3.31
CCCCCCCCCC(C)C,O,4.04
CCCCCCCC(C)O,O,-3.57
CCCCCCC(C)O,O,-3.77
CC(C)S,O,-0.7
C=CC=O,O,-3.16
C=CC#N,O,-3.34
CC(=CCCC(C)(C=C)O)C,O,-4.17
CCCCC(CC)O,O,-3.94
CCCCC(=O)CC,O,-3.04
CCCC(=O)CC,O,-3.07
CC(C(=O)C)O,O,-4.29
CC1CCCC(C1)O,O,-5.21
C=CC1CCC=CC1,O,0.36
CCCCC(C)CCC,O,3.57
CC(=O)OC1=CC=CC=C1,O,-4.78
C1CCC(CC1)Br,O,-0.57
CCCCCOC(=O)CCC,O,-2.55
CCOC(=O)OCC,O,-3.28
COC(=O)OC,O,-3.53
C1CCC(CC1)Cl,O,-0.93
C1CCCCCC(CCCCC1)O,O,-5.35
CCCCCCCCCC(=O)OC,O,-1.91
CCCCCCCCCCCC(=O)OC,O,-2.91
CCCCCCC(=O)O,O,-6.12
CCCCCCCCCCCCCCCC(=O)OCC,O,-7.23
CCCCCC#N,O,-3.28
CCCCN(CCCC)CCCC,O,-4.09
CN(C)C1CCCCC1,O,-4.12
C1CO1,O,-2.87
CCCCCCCCCCCCCCC,O,4.29
CCCCCCCCCCCCCC(=O)OCC,O,-7.32
CCCCCCCCCCCCCC(=O)OC,O,-1.14
CCCCCCCCCCCCC,O,4.12
CC(Cl)(Cl)Cl,[2H]O[2H],-0.57
C(C(Cl)Cl)(Cl)Cl,[2H]O[2H],-2.59
CCOCC,[2H]O[2H],-1.96
CCCOCCC,[2H]O[2H],-1.37
C(CCl)Cl,[2H]O[2H],-1.89
C1COCCO1,[2H]O[2H],-5.02
CCCCO,[2H]O[2H],-4.84
CCCCCl,[2H]O[2H],-0.73
CCCCl,[2H]O[2H],-0.74
CCCCCCO,[2H]O[2H],-4.57
CCC[N+](=O)[O-],[2H]O[2H],-3.44
CCCCCO,[2H]O[2H],-4.61
CCCO,[2H]O[2H],-4.95
CC(C)OC(C)C,[2H]O[2H],-1.56
CCC(=O)C,[2H]O[2H],-3.58
CCCCCC(=O)C,[2H]O[2H],-3.07
CCCCC(=O)C,[2H]O[2H],-3.24
CC(C)(C)OC,[2H]O[2H],-2.15
CC(C)CO,[2H]O[2H],-4.59
CC(C)C#N,[2H]O[2H],-3.29
CCCC(=O)C,[2H]O[2H],-3.38
CC(C)O,[2H]O[2H],-4.86
CC(=O)C,[2H]O[2H],-3.82
CC(C)CCO,[2H]O[2H],-4.43
CC(C)CCOC(=O)C,[2H]O[2H],-2.36
CC(C)C(=O)C,[2H]O[2H],-3.22
CCC(=O)CC,[2H]O[2H],-3.27
CC(=O)O,[2H]O[2H],-6.55
CC(C)OC(=O)C,[2H]O[2H],-2.62
CC(C)COC(=O)C,[2H]O[2H],-2.47
CCCCOC(=O)C,[2H]O[2H],-2.76
CCOC(=O)C,[2H]O[2H],-3.02
CCCCCCOC(=O)C,[2H]O[2H],-2.44
CC(=O)OC,[2H]O[2H],-3.17
CCCCCOC(=O)C,[2H]O[2H],-2.55
CCCOC(=O)C,[2H]O[2H],-2.84
CC#N,[2H]O[2H],-4.1
C1=CC=CC=C1,[2H]O[2H],-1.01
C1=CC=C(C=C1)C#N,[2H]O[2H],-3.82
CCCC=O,[2H]O[2H],-3.11
CCCC#N,[2H]O[2H],-3.58
CCCC(=O)OCC,[2H]O[2H],-2.59
C1CCC(CC1)O,[2H]O[2H],-5.7
C1CCC(=O)C1,[2H]O[2H],-4.75
C(Br)Br,[2H]O[2H],-2.03
C(Cl)Cl,[2H]O[2H],-1.5
CCO,[2H]O[2H],-5.08
CCOC=O,[2H]O[2H],-2.64
COC=O,[2H]O[2H],-2.82
CCCOC=O,[2H]O[2H],-2.55
CCCCCC=O,[2H]O[2H],-2.75
CCCCCC#N,[2H]O[2H],-3.25
CO,[2H]O[2H],-5.1
COC1=CC=CC=C1,[2H]O[2H],-2.62
CC1=CC=CC=C1,[2H]O[2H],-0.99
CC(=O)N(C)C,[2H]O[2H],-7.78
CN(C)C=O,[2H]O[2H],-7.47
CC[N+](=O)[O-],[2H]O[2H],-3.75
C[N+](=O)[O-],[2H]O[2H],-4.01
CCCCC=O,[2H]O[2H],-2.89
CCCCC#N,[2H]O[2H],-3.42
CCC=O,[2H]O[2H],-3.31
CCC#N,[2H]O[2H],-3.79
CCC(=O)OCC,[2H]O[2H],-2.8
C1=CC=NC=C1,[2H]O[2H],-4.52
C(Cl)(Cl)(Cl)Cl,[2H]O[2H],-0.62
C1CCOCC1,[2H]O[2H],-3.08
C1CCOC1,[2H]O[2H],-3.5
C(Cl)(Cl)Cl,[2H]O[2H],-1.26
